"","p_val","avg_logFC","pct.1","pct.2","p_val_adj","cluster","gene"
"1",3.97058566108978e-143,0.450798123133371,0.97,0.967,7.94117132217957e-140,"0","DBI"
"2",3.21074245790818e-120,0.449045057582277,0.98,0.984,6.42148491581636e-117,"0","MT3"
"3",8.12522787791824e-43,0.305279142291814,0.946,0.968,1.62504557558365e-39,"0","CST3"
"4",2.62163978276064e-26,0.471692297632229,0.832,0.877,5.24327956552128e-23,"0","DBIP1"
"5",4.86603112772799e-24,0.269483635612358,0.778,0.879,9.73206225545598e-21,"0","MDK"
"6",1.94191344534363e-21,0.418505641948427,0.832,0.908,3.88382689068725e-18,"0","FABP7"
"7",1.89283538826961e-15,0.367306406904886,0.857,0.897,3.78567077653921e-12,"0","GSTP1"
"8",8.86556865414901e-15,0.292797068891945,0.645,0.804,1.7731137308298e-11,"0","RBP1"
"9",1.8406671659227e-07,0.313740323565688,0.779,0.866,0.00036813343318454,"0","CHCHD10"
"10",7.64237836099605e-07,0.408448083020271,0.511,0.642,0.00152847567219921,"0","SCRG1"
"11",9.23085877199142e-07,0.35463134460753,0.479,0.62,0.00184617175439828,"0","BEX1"
"12",1.25836234427963e-06,0.25950238761597,0.819,0.912,0.00251672468855925,"0","ATP5G3"
"13",7.89135044423349e-06,0.440254402469742,0.796,0.869,0.015782700888467,"0","HOPX"
"14",0.00139563796971093,0.281854118672272,0.872,0.933,1,"0","TSC22D4"
"15",0.00178566629022173,0.335805098835875,0.83,0.908,1,"0","COX7B"
"16",0,2.20957253499982,0.953,0.679,0,"1","GFAP"
"17",0,1.62238237415768,0.994,0.848,0,"1","APOE"
"18",0,1.27250522481167,0.94,0.798,0,"1","AQP4"
"19",0,1.17484734238221,0.994,0.91,0,"1","CLU"
"20",0,1.1213788414093,0.936,0.823,0,"1","NMB"
"21",0,1.05159291125542,0.727,0.426,0,"1","ID3"
"22",0,0.927272710889196,0.891,0.775,0,"1","AEBP1"
"23",0,0.914801799491113,0.904,0.688,0,"1","ITM2C"
"24",0,0.912257010709678,0.823,0.564,0,"1","GADD45B"
"25",0,0.896455568125934,0.959,0.846,0,"1","CRYAB"
"26",0,0.84618069387071,0.887,0.767,0,"1","CHI3L1"
"27",0,0.781292653606458,0.885,0.762,0,"1","ZFP36L2"
"28",0,0.760663828605997,0.802,0.684,0,"1","EDNRB"
"29",0,0.727439489184323,0.897,0.797,0,"1","TTYH1"
"30",0,0.719556666269671,0.882,0.828,0,"1","AGT"
"31",0,0.698336834306495,0.961,0.887,0,"1","CPE"
"32",0,0.690704006854068,0.923,0.826,0,"1","GATM"
"33",0,0.687137001293148,0.952,0.912,0,"1","MT1X"
"34",0,0.670996683127432,0.92,0.754,0,"1","BCAN"
"35",0,0.662585084399089,0.863,0.744,0,"1","PLTP"
"36",0,0.64503439710667,0.836,0.646,0,"1","SOX9"
"37",0,0.642552048154887,0.822,0.728,0,"1","ADCYAP1R1"
"38",0,0.628121336474883,0.719,0.497,0,"1","AHCYL1"
"39",0,0.622394717339218,0.868,0.819,0,"1","MT1M"
"40",0,0.616760440933199,0.684,0.448,0,"1","FAM107A"
"41",0,0.60211246338351,0.876,0.642,0,"1","NKAIN4"
"42",0,0.59166664679494,0.804,0.567,0,"1","JUNB"
"43",0,0.528043820042139,0.761,0.675,0,"1","MAOB"
"44",0,0.521577626192799,0.801,0.706,0,"1","F3"
"45",0,0.512464908570709,0.754,0.469,0,"1","NDRG2"
"46",0,0.502498942786658,0.93,0.865,0,"1","RAMP1"
"47",0,0.481676605189767,0.859,0.719,0,"1","ATP1A2"
"48",0,0.473850413473818,0.928,0.88,0,"1","ATP1B2"
"49",0,0.431161669286136,0.68,0.398,0,"1","NTRK2"
"50",8.80691244639487e-303,0.524885951513942,0.789,0.668,1.76138248927897e-299,"1","TIMP3"
"51",7.67450053166033e-296,0.553212157620815,0.868,0.797,1.53490010633207e-292,"1","CEBPD"
"52",1.36324104862325e-295,0.595115253396121,0.946,0.876,2.72648209724651e-292,"1","S100A6"
"53",1.89991718927026e-295,0.645079389615798,0.793,0.638,3.79983437854051e-292,"1","ZFP36"
"54",2.70901385521666e-293,0.464513309940095,0.608,0.305,5.41802771043332e-290,"1","PLP1"
"55",6.1218734272128e-288,0.470036248261479,0.892,0.793,1.22437468544256e-284,"1","SLC1A3"
"56",8.73890296857871e-287,0.65369754021575,0.89,0.827,1.74778059371574e-283,"1","MT1G"
"57",6.14559805949321e-271,0.66328539652724,0.675,0.478,1.22911961189864e-267,"1","ID4"
"58",1.88843530852509e-268,0.441690613109329,0.838,0.721,3.77687061705019e-265,"1","MT1E"
"59",1.44247713049556e-259,0.664638816378417,0.943,0.891,2.88495426099112e-256,"1","FOS"
"60",7.34900540478735e-245,0.445225976142754,0.905,0.829,1.46980108095747e-241,"1","CNN3"
"61",4.60183041165118e-240,0.43084316193032,0.921,0.845,9.20366082330236e-237,"1","TIMP2"
"62",4.75973322187196e-225,0.442622456073583,0.788,0.692,9.51946644374392e-222,"1","CYR61"
"63",5.5204434425246e-179,0.453135587192177,0.9,0.821,1.10408868850492e-175,"1","JUN"
"64",8.11293031139709e-161,0.433270320688926,0.651,0.546,1.62258606227942e-157,"1","EFEMP1"
"65",1.12027164053562e-103,0.513004093221973,0.859,0.825,2.24054328107124e-100,"1","EGR1"
"66",0,1.46776235565015,0.929,0.606,0,"2","KIAA0101"
"67",0,1.42977309872415,0.903,0.613,0,"2","PCNA"
"68",0,1.33269455820649,0.868,0.623,0,"2","TYMS"
"69",0,1.26581306252503,0.993,0.842,0,"2","TUBA1B"
"70",0,1.22353588375193,0.946,0.659,0,"2","TUBB"
"71",0,1.21328565510866,0.954,0.679,0,"2","H2AFZ"
"72",0,1.09826658375415,0.72,0.439,0,"2","RRM2"
"73",0,1.03535456253947,0.887,0.639,0,"2","HMGB2"
"74",0,1.0309407342369,0.946,0.709,0,"2","STMN1"
"75",0,1.02438529839086,0.958,0.788,0,"2","HMGN2"
"76",0,0.995092697706851,0.907,0.713,0,"2","CCDC34"
"77",0,0.970224524724687,0.811,0.457,0,"2","UBE2T"
"78",0,0.96672694893384,0.784,0.498,0,"2","MCM7"
"79",0,0.941479873628101,0.965,0.822,0,"2","HMGB1"
"80",0,0.94037227135442,0.743,0.338,0,"2","DHFR"
"81",0,0.937033987600074,0.771,0.52,0,"2","MCM4"
"82",0,0.935928028029713,0.865,0.562,0,"2","TK1"
"83",0,0.921667177635873,0.842,0.592,0,"2","BIRC5"
"84",0,0.884732728817332,0.841,0.418,0,"2","CENPM"
"85",0,0.884553264077629,0.838,0.632,0,"2","DUT"
"86",0,0.85139428704203,0.842,0.586,0,"2","UBE2C"
"87",0,0.845028431579322,0.756,0.501,0,"2","TOP2A"
"88",0,0.837410239305346,0.853,0.669,0,"2","NUDT1"
"89",0,0.813062450265644,0.816,0.625,0,"2","UHRF1"
"90",0,0.785761731152078,0.841,0.66,0,"2","HMGB1P5"
"91",0,0.771467649081765,0.777,0.561,0,"2","PBK"
"92",0,0.741923820001641,0.8,0.578,0,"2","NUSAP1"
"93",0,0.714331791704149,0.78,0.485,0,"2","CDK1"
"94",0,0.706313406612613,0.774,0.532,0,"2","TMPO"
"95",0,0.700285024132829,0.753,0.466,0,"2","SPC25"
"96",0,0.696711577137169,0.773,0.472,0,"2","DEK"
"97",0,0.675890886902013,0.866,0.581,0,"2","DTYMK"
"98",0,0.670454768918484,0.782,0.602,0,"2","CKS1B"
"99",0,0.665251808984256,0.772,0.536,0,"2","CENPK"
"100",0,0.663066939611366,0.683,0.486,0,"2","MYBL2"
"101",0,0.659239178543203,0.728,0.524,0,"2","ATAD2"
"102",0,0.641960802175665,0.758,0.384,0,"2","SMC4"
"103",0,0.572237312771441,0.722,0.539,0,"2","TPX2"
"104",0,0.56803323173134,0.965,0.868,0,"2","PTMA"
"105",3.90493331184509e-305,0.632214803862338,0.763,0.514,7.80986662369018e-302,"2","H2AFX"
"106",2.18183011129546e-304,0.621332462566292,0.716,0.465,4.36366022259092e-301,"2","GGH"
"107",1.06530715713478e-300,0.596806283044872,0.702,0.427,2.13061431426956e-297,"2","CENPF"
"108",3.73967617234771e-286,0.622629012488525,0.657,0.375,7.47935234469542e-283,"2","FANCI"
"109",3.09162049595139e-283,0.767551531704135,0.701,0.494,6.18324099190278e-280,"2","RNASEH2A"
"110",1.58536360517422e-237,0.639241745743058,0.688,0.548,3.17072721034844e-234,"2","MAD2L1"
"111",1.40182207692397e-205,0.577589381576728,0.641,0.447,2.80364415384794e-202,"2","MCM2"
"112",1.31760856526758e-187,0.586082955634533,0.641,0.413,2.63521713053517e-184,"2","RRM1"
"113",9.68462884630481e-176,0.589470490643266,0.651,0.482,1.93692576926096e-172,"2","MCM3"
"114",3.20670002458399e-126,0.602603388279104,0.577,0.369,6.41340004916798e-123,"2","CENPU"
"115",6.46481024835843e-89,0.745266322542766,0.561,0.331,1.29296204967169e-85,"2","HIST1H4C"
"116",0,1.2825064643959,0.909,0.73,0,"3","OLIG1"
"117",3.27593238520048e-297,0.779688816187396,0.998,0.943,6.55186477040096e-294,"3","EGFR"
"118",1.31109365234828e-246,0.598158866327626,0.905,0.767,2.62218730469655e-243,"3","BCAN"
"119",2.09735679964171e-219,0.571453078191068,0.921,0.749,4.19471359928342e-216,"3","TRIO"
"120",6.25444022234162e-209,0.49447826778667,0.958,0.878,1.25088804446832e-205,"3","PTPRZ1"
"121",1.7298871192035e-201,0.709762652195285,0.843,0.681,3.459774238407e-198,"3","ETV1"
"122",6.51805962419506e-195,0.585668757757199,0.961,0.83,1.30361192483901e-191,"3","NES"
"123",4.80195817230019e-181,0.370539041595831,0.996,0.964,9.60391634460038e-178,"3","DBI"
"124",2.04439701407667e-178,0.788729113259877,0.638,0.382,4.08879402815333e-175,"3","DLL3"
"125",9.38278154019588e-164,0.280750627395363,0.943,0.802,1.87655630803918e-160,"3","TMEM176B"
"126",4.0208346098768e-159,0.406026599263648,0.963,0.908,8.04166921975359e-156,"3","C1orf61"
"127",1.20714326678099e-135,0.333605874720943,0.963,0.86,2.41428653356199e-132,"3","DBIP1"
"128",4.89221346572333e-127,0.30936828680636,0.961,0.862,9.78442693144666e-124,"3","MT-CO1"
"129",1.71384044704058e-124,0.401025135358062,0.791,0.728,3.42768089408116e-121,"3","ARC"
"130",4.43689853162107e-123,0.540822519800319,0.811,0.728,8.87379706324214e-120,"3","CCND2"
"131",1.50847562664041e-122,0.288389459363332,0.949,0.848,3.01695125328083e-119,"3","HOPX"
"132",3.53631701565552e-120,0.424025023270044,0.938,0.862,7.07263403131104e-117,"3","FXYD6"
"133",6.00574258164099e-120,0.328261962355069,0.87,0.761,1.2011485163282e-116,"3","CDK6"
"134",9.19071335337034e-108,0.310014697544596,0.85,0.73,1.83814267067407e-104,"3","ATP1A2"
"135",5.54233745926627e-96,0.326476583376729,0.945,0.852,1.10846749185325e-92,"3","MT-CO2"
"136",2.87542822537606e-87,0.311239700922317,0.797,0.603,5.75085645075212e-84,"3","SCRG1"
"137",5.84582495751923e-85,0.27496945590096,0.96,0.844,1.16916499150385e-81,"3","MT-ND4"
"138",6.7751716893455e-85,0.422257043173795,0.762,0.661,1.3550343378691e-81,"3","CREB5"
"139",4.66185957838978e-84,0.330208740776224,0.814,0.701,9.32371915677955e-81,"3","LINC01158"
"140",1.84775310406114e-80,0.287028436297853,0.906,0.729,3.69550620812227e-77,"3","NFIA"
"141",1.01959460294364e-72,0.446880119597898,0.932,0.823,2.03918920588728e-69,"3","JUN"
"142",5.35255017225722e-71,0.306435630851366,0.825,0.695,1.07051003445144e-67,"3","CNP"
"143",9.97819753087507e-70,0.440657278963295,0.74,0.651,1.99563950617501e-66,"3","SCD5"
"144",7.45162683345631e-69,0.286503383810566,0.781,0.617,1.49032536669126e-65,"3","HMGCS1"
"145",3.63918009561271e-66,0.380007124852121,0.819,0.699,7.27836019122542e-63,"3","SDC3"
"146",1.20386892587544e-53,0.360917973835242,0.741,0.644,2.40773785175089e-50,"3","CADM2"
"147",5.89185065313367e-44,0.456033623689688,0.624,0.506,1.17837013062673e-40,"3","LIMA1"
"148",2.46017983374264e-40,0.437420084696273,0.708,0.653,4.92035966748529e-37,"3","TCF12"
"149",2.83442403865912e-39,0.336676241056863,0.724,0.663,5.66884807731825e-36,"3","MAP2"
"150",7.16275978520089e-33,0.398632080015542,0.51,0.388,1.43255195704018e-29,"3","NPPA"
"151",8.49196836512478e-33,0.505257429970853,0.554,0.455,1.69839367302496e-29,"3","SOX8"
"152",7.40763420214226e-32,0.341765118460198,0.719,0.663,1.48152684042845e-28,"3","CSPG5"
"153",1.14431430479417e-27,0.30392208141764,0.672,0.585,2.28862860958834e-24,"3","DPP6"
"154",1.22916517071932e-25,0.304354431476636,0.737,0.66,2.45833034143864e-22,"3","TCF4"
"155",3.21738416786562e-25,0.439181503048523,0.628,0.593,6.43476833573124e-22,"3","LRRN1"
"156",1.29362718569112e-21,0.427234032090251,0.564,0.502,2.58725437138224e-18,"3","DSCAM"
"157",3.46933568061289e-19,0.469383304649479,0.574,0.543,6.93867136122578e-16,"3","OLIG2"
"158",1.09108843878839e-15,0.327484161983372,0.692,0.678,2.18217687757677e-12,"3","NKAIN4"
"159",1.28289808906637e-13,0.377725999396183,0.461,0.338,2.56579617813273e-10,"3","CHD7"
"160",2.71726737086241e-12,0.37992534668827,0.57,0.535,5.43453474172482e-09,"3","HES6"
"161",7.17185183443719e-12,0.359434920679037,0.513,0.419,1.43437036688744e-08,"3","GRIA2"
"162",7.83178495334514e-10,0.272764953360584,0.482,0.375,1.56635699066903e-06,"3","TNK2"
"163",8.77679861020744e-10,0.385526804096965,0.466,0.374,1.75535972204149e-06,"3","SHD"
"164",2.59119350152373e-06,0.298717553266232,0.417,0.457,0.00518238700304745,"3","NEU4"
"165",1.61756413684616e-05,0.308082360566068,0.43,0.314,0.0323512827369233,"3","SCG3"
"166",0,1.03975685308209,0.896,0.775,0,"4","CHI3L1"
"167",0,1.0325509950727,0.928,0.827,0,"4","MT1G"
"168",0,1.0269754921236,0.984,0.911,0,"4","MT1X"
"169",0,0.883175147549774,0.916,0.788,0,"4","LGALS3"
"170",0,0.841503032776313,0.935,0.852,0,"4","MT1XP1"
"171",0,0.702068771740956,0.967,0.884,0,"4","MT2P1"
"172",0,0.645046902392615,0.997,0.986,0,"4","MT2A"
"173",6.39332950327988e-224,0.498058900623906,0.78,0.637,1.27866590065598e-220,"4","MT1A"
"174",1.17378620242559e-174,0.959815958556481,0.839,0.714,2.34757240485118e-171,"4","VEGFA"
"175",2.33475281798165e-161,1.03457119265183,0.776,0.564,4.6695056359633e-158,"4","IGFBP5"
"176",1.85184651734254e-158,0.339904542954478,0.827,0.745,3.70369303468508e-155,"4","GRB10"
"177",2.368045035382e-147,0.363200463898597,0.697,0.565,4.736090070764e-144,"4","MT1P1"
"178",1.4801206820151e-125,0.328944034812175,0.869,0.814,2.9602413640302e-122,"4","METTL7B"
"179",4.44347554446251e-106,0.254126373689108,0.791,0.64,8.88695108892502e-103,"4","OCIAD2"
"180",7.11629391193787e-104,0.269215396137983,0.991,0.973,1.42325878238757e-100,"4","TMSB10"
"181",2.68594307107456e-96,0.287162448845503,0.7,0.608,5.37188614214912e-93,"4","CITED1"
"182",1.80530634702999e-89,0.282770269458807,0.982,0.954,3.61061269405998e-86,"4","VIM"
"183",1.76234134828448e-87,0.585784761716676,0.556,0.358,3.52468269656897e-84,"4","AKAP12"
"184",1.67026263269505e-83,0.455413561180694,0.691,0.591,3.3405252653901e-80,"4","TNFRSF12A"
"185",1.00373668555204e-82,0.278225719287358,0.929,0.857,2.00747337110409e-79,"4","CRYAB"
"186",3.53655012591818e-80,0.53553494089035,0.689,0.565,7.07310025183636e-77,"4","HILPDA"
"187",1.16533807838369e-77,0.298580972132516,0.948,0.901,2.33067615676737e-74,"4","TIMP1"
"188",7.45717224611597e-77,0.323906142357905,0.735,0.682,1.49143444922319e-73,"4","CA12"
"189",1.57472589939909e-73,0.252214611432982,0.909,0.827,3.14945179879818e-70,"4","FABP5"
"190",3.39500303690696e-73,0.341762390215029,0.878,0.804,6.79000607381393e-70,"4","IGFBP2"
"191",5.29959391458773e-68,0.521452294620999,0.643,0.517,1.05991878291755e-64,"4","GAP43"
"192",4.26496417429734e-52,0.346378137333871,0.905,0.824,8.52992834859467e-49,"4","CD9"
"193",5.17666523031073e-43,0.577675441787046,0.683,0.625,1.03533304606215e-39,"4","NDRG1"
"194",5.4829648413065e-21,0.361192621462988,0.476,0.365,1.0965929682613e-17,"4","ADM"
"195",1.46385129808165e-20,0.250276649579459,0.722,0.694,2.92770259616329e-17,"4","PLOD2"
"196",0,1.28359363510322,0.892,0.87,0,"5","MT-CO1"
"197",0,1.15103081728786,0.899,0.857,0,"5","MT-CO2"
"198",0,1.10654674521687,0.908,0.854,0,"5","MT-CO3"
"199",0,1.08659218730068,0.886,0.852,0,"5","MT-ND4"
"200",1.75419021516077e-288,1.00135188421059,0.924,0.89,3.50838043032154e-285,"5","MT-RNR2"
"201",1.51343970841861e-287,1.16230075858701,0.824,0.825,3.02687941683722e-284,"5","MT-ND2"
"202",2.80976767592188e-256,1.09531712286935,0.811,0.787,5.61953535184376e-253,"5","MT-ATP6"
"203",5.09927919179262e-208,0.903130940253692,0.777,0.758,1.01985583835852e-204,"5","MT-ND3"
"204",2.91107299390347e-197,1.09648977507432,0.765,0.787,5.82214598780695e-194,"5","MT-ND1"
"205",3.20245595751511e-153,0.348906173015662,0.967,0.919,6.40491191503022e-150,"5","CLU"
"206",9.60240033869971e-150,0.456407976787967,0.953,0.948,1.92048006773994e-146,"5","HLA-C"
"207",7.20518145224084e-127,0.391905710838975,0.98,0.971,1.44103629044817e-123,"5","HLA-B"
"208",7.1342003268192e-121,0.754513777598182,0.727,0.762,1.42684006536384e-117,"5","MT-RNR1"
"209",2.12141976019837e-118,0.525345633077673,0.789,0.859,4.24283952039674e-115,"5","MLC1"
"210",4.1948509196958e-116,0.639846827879188,0.834,0.903,8.3897018393916e-113,"5","DCN"
"211",6.36751904246872e-116,0.895798880251586,0.663,0.728,1.27350380849374e-112,"5","MTATP6P1"
"212",9.87452802186401e-116,0.307892867004188,0.969,0.963,1.9749056043728e-112,"5","HLA-A"
"213",5.24049659140983e-115,0.39249040922485,0.909,0.884,1.04809931828197e-111,"5","PTPRZ1"
"214",1.60646090238124e-112,0.47678642075951,0.856,0.89,3.21292180476248e-109,"5","ATP1B2"
"215",2.14519914265756e-87,0.875522116953981,0.703,0.808,4.29039828531513e-84,"5","MT-ND5"
"216",2.21894735041998e-79,0.283620342793015,0.883,0.898,4.43789470083996e-76,"5","SPARCL1"
"217",3.72044026725652e-59,0.485554625515828,0.703,0.81,7.44088053451304e-56,"5","AZGP1"
"218",3.65598998930265e-52,0.41517923449946,0.679,0.752,7.3119799786053e-49,"5","KCTD12"
"219",6.62177686736789e-49,0.299426254377699,0.768,0.86,1.32435537347358e-45,"5","CHCHD10"
"220",1.05965220080557e-47,0.544782078869317,0.687,0.814,2.11930440161113e-44,"5","SLC4A4"
"221",5.88460981494976e-43,0.35627760929892,0.708,0.786,1.17692196298995e-39,"5","NRCAM"
"222",2.89301570884209e-41,0.406588882206328,0.73,0.846,5.78603141768417e-38,"5","AGT"
"223",4.08117970472215e-34,0.393415734438588,0.669,0.812,8.1623594094443e-31,"5","LGALS3"
"224",4.80216175993747e-34,0.284747846143824,0.728,0.819,9.60432351987494e-31,"5","IGFBP2"
"225",2.78308052302585e-30,0.439931835874944,0.593,0.687,5.56616104605169e-27,"5","GARS"
"226",1.72686385343214e-26,0.284074616565909,0.481,0.796,3.45372770686428e-23,"5","XAF1"
"227",2.8396758778247e-21,0.500006086613673,0.641,0.805,5.67935175564941e-18,"5","NUPR1"
"228",1.69127084484206e-18,0.454734648286849,0.623,0.807,3.38254168968412e-15,"5","LPL"
"229",8.38984262489167e-15,0.439078561704993,0.628,0.778,1.67796852497833e-11,"5","TRIO"
"230",1.23570800162682e-12,0.285537511811944,0.447,0.578,2.47141600325364e-09,"5","DDIT4"
"231",1.84466946241464e-09,0.335185858425809,0.628,0.807,3.68933892482929e-06,"5","BCAT1"
"232",4.32519754433857e-09,0.515955299592632,0.617,0.836,8.65039508867713e-06,"5","CAMK2B"
"233",9.99290959134530e-09,0.588361869697812,0.56,0.814,1.99858191826906e-05,"5","MTCO1P12"
"234",1.05331595355255e-07,0.292760848393984,0.556,0.807,0.000210663190710509,"5","CHI3L1"
"235",1.49389115027409e-07,0.321945547706812,0.622,0.785,0.000298778230054818,"5","CDK6"
"236",2.73164433275823e-07,0.312534178600581,0.559,0.727,0.000546328866551647,"5","SERPINE2"
"237",2.90295860347257e-06,0.30072488555946,0.559,0.809,0.00580591720694514,"5","CYTL1"
"238",4.42123103520894e-06,0.572971375502341,0.528,0.739,0.00884246207041788,"5","MTCO1P40"
"239",7.84423657767174e-06,0.836373303387804,0.576,0.82,0.0156884731553435,"5","GDF15"
"240",9.68988309106899e-06,0.340279971358148,0.563,0.829,0.019379766182138,"5","CDH6"
"241",2.11562732042255e-05,0.511958223524818,0.621,0.838,0.042312546408451,"5","RPH3A"
"242",0.000147022335930937,0.358258167967008,0.655,0.847,0.294044671861874,"5","ELOVL2"
"243",0.000912557075597034,0.296133560655929,0.55,0.793,1,"5","SRPX"
"244",0.00133731789348712,0.471576544569652,0.658,0.854,1,"5","NOS2"
"245",0.00337186804268648,0.333054373741933,0.543,0.768,1,"5","AK4"
"246",0,3.40739618404667,0.988,0.474,0,"6","CD74"
"247",0,3.17647280272675,0.97,0.511,0,"6","HLA-DRA"
"248",0,2.86016633721489,0.961,0.41,0,"6","C1QB"
"249",0,2.79302379044597,0.959,0.486,0,"6","FCGBP"
"250",0,2.75974803138282,0.936,0.519,0,"6","HLA-DRB1"
"251",0,2.74763616878333,0.961,0.48,0,"6","SPP1"
"252",0,2.55189609271749,0.927,0.403,0,"6","APOC1"
"253",0,2.53791194405648,0.933,0.434,0,"6","LAPTM5"
"254",0,2.50686181015313,0.908,0.452,0,"6","RGS1"
"255",0,2.49682714454912,0.908,0.39,0,"6","C3"
"256",0,2.42895628683668,0.903,0.426,0,"6","SGK1"
"257",0,2.27269254247304,0.891,0.493,0,"6","HLA-DPA1"
"258",0,2.2712069091983,0.954,0.496,0,"6","SRGN"
"259",0,2.21771542416534,0.892,0.375,0,"6","C1QA"
"260",0,2.14212660284441,0.92,0.548,0,"6","DUSP1"
"261",0,2.1072184089736,0.939,0.572,0,"6","SAT1"
"262",0,2.06873824725606,0.88,0.399,0,"6","TYROBP"
"263",0,2.03525380284663,0.881,0.354,0,"6","CCL3"
"264",0,1.96645837949647,0.831,0.625,0,"6","HLA-DPB1"
"265",0,1.85061096181279,0.96,0.76,0,"6","GPX1"
"266",0,1.8403972058125,0.992,0.901,0,"6","FTL"
"267",0,1.82956262886684,0.916,0.649,0,"6","CTSD"
"268",0,1.79014653341319,0.926,0.677,0,"6","CTSB"
"269",0,1.77106243629044,0.795,0.324,0,"6","FCER1G"
"270",0,1.76422268243035,0.875,0.52,0,"6","CYBA"
"271",0,1.75910257132464,0.865,0.513,0,"6","MSR1"
"272",0,1.75150070179814,0.825,0.406,0,"6","TREM2"
"273",0,1.72723120480113,0.837,0.455,0,"6","HLA-DQB1"
"274",0,1.71491548699715,0.794,0.328,0,"6","CCL4"
"275",0,1.7068958598078,0.827,0.6,0,"6","RNASET2"
"276",0,1.63718499973506,0.872,0.545,0,"6","TYMP"
"277",0,1.63515747422496,0.753,0.419,0,"6","MS4A7"
"278",0,1.61247835342585,0.824,0.43,0,"6","CSF1R"
"279",0,1.59642052349897,0.828,0.329,0,"6","C5AR1"
"280",0,1.57898102944917,0.81,0.455,0,"6","PADI2"
"281",0,1.5768240085553,0.829,0.387,0,"6","C1QC"
"282",0,1.55090682531932,0.815,0.461,0,"6","HLA-DMA"
"283",0,1.54670700349841,0.896,0.54,0,"6","OLFML3"
"284",0,1.54273283265857,0.778,0.262,0,"6","SLC11A1"
"285",0,1.51271723374232,0.804,0.479,0,"6","HLA-DMB"
"286",0,1.4941092884933,0.82,0.252,0,"6","ACSL1"
"287",0,1.48551081550905,0.846,0.482,0,"6","STAB1"
"288",0,1.46867303625482,0.841,0.45,0,"6","SLC16A3"
"289",0,1.46615213682516,0.799,0.376,0,"6","NR4A1"
"290",0,1.46490496836381,0.837,0.699,0,"6","NPC2"
"291",0,1.42213114158944,0.857,0.745,0,"6","CXCL16"
"292",0,1.35529847241325,0.964,0.645,0,"6","RHOB"
"293",0,1.32163403452488,0.855,0.482,0,"6","CXCR4"
"294",1.34478274091825e-286,1.48169623112674,0.747,0.44,2.68956548183651e-283,"6","ALOX5AP"
"295",6.20304130808734e-142,1.47663629348225,0.656,0.317,1.24060826161747e-138,"6","CD14"
"296",0,2.26500927540141,0.967,0.564,0,"7","PTTG1"
"297",0,2.18129774355417,0.92,0.605,0,"7","UBE2C"
"298",0,2.17104569661293,0.973,0.607,0,"7","BIRC5"
"299",0,1.81485057373648,0.959,0.657,0,"7","HMGB2"
"300",0,1.78923475807806,0.891,0.516,0,"7","TOP2A"
"301",0,1.76984033583258,0.959,0.694,0,"7","TUBA1C"
"302",0,1.73006300368236,0.843,0.419,0,"7","CCNB1"
"303",0,1.72638042740271,0.858,0.44,0,"7","CDC20"
"304",0,1.70584113149943,0.94,0.59,0,"7","NUSAP1"
"305",0,1.70061452301224,0.86,0.442,0,"7","CENPF"
"306",0,1.68100524834815,0.949,0.59,0,"7","UBE2S"
"307",0,1.64647170584683,0.96,0.644,0,"7","ARL6IP1"
"308",0,1.62667679470241,0.998,0.855,0,"7","TUBA1B"
"309",0,1.61327350599376,0.893,0.423,0,"7","FAM64A"
"310",0,1.53047818230103,0.858,0.548,0,"7","TPX2"
"311",0,1.49872964808745,0.988,0.801,0,"7","HMGN2"
"312",0,1.46896524821994,0.911,0.593,0,"7","PTTG3P"
"313",0,1.42763003582414,0.873,0.39,0,"7","KPNA2"
"314",0,1.41204391286945,0.851,0.563,0,"7","CDKN3"
"315",0,1.40679197054122,0.981,0.702,0,"7","H2AFZ"
"316",0,1.37957294637148,0.858,0.43,0,"7","CKS2"
"317",0,1.34871948831267,0.837,0.485,0,"7","FOXM1"
"318",0,1.34485269932147,0.847,0.576,0,"7","PBK"
"319",0,1.32303686305065,0.918,0.599,0,"7","HN1"
"320",0,1.30560771739882,0.817,0.36,0,"7","AURKA"
"321",0,1.2541395521873,0.913,0.554,0,"7","PTTG2"
"322",0,1.25262427829857,0.965,0.729,0,"7","STMN1"
"323",0,1.24084494511921,0.887,0.482,0,"7","CENPA"
"324",0,1.20617391637008,0.932,0.643,0,"7","CDKN2C"
"325",0,1.128865161969,0.986,0.834,0,"7","HMGB1"
"326",0,1.12123078765195,0.913,0.542,0,"7","ARL6IP1P2"
"327",0,1.08936865762076,0.902,0.604,0,"7","DTYMK"
"328",0,1.04377360603985,0.775,0.313,0,"7","ASPM"
"329",0,1.03368947331372,0.909,0.718,0,"7","PSRC1"
"330",0,1.01279897285829,0.946,0.716,0,"7","LGALS1"
"331",0,1.00549895085914,0.971,0.793,0,"7","NUCKS1"
"332",0,0.994475164473119,0.847,0.343,0,"7","PRR11"
"333",0,0.988570302372226,0.847,0.486,0,"7","UBE2T"
"334",0,0.978514469570576,0.803,0.4,0,"7","KNSTRN"
"335",2.51624341243086e-299,1.09123776761602,0.809,0.398,5.03248682486172e-296,"7","PRC1"
"336",2.18065252754098e-298,1.04565137805662,0.87,0.53,4.36130505508195e-295,"7","H2AFX"
"337",9.70735969303328e-290,1.07061592889101,0.862,0.468,1.94147193860666e-286,"7","TUBB4B"
"338",4.74743422472868e-284,1.0309178214531,0.931,0.754,9.49486844945735e-281,"7","UBALD2"
"339",2.96178154470628e-273,1.22530387148482,0.772,0.402,5.92356308941256e-270,"7","CCNB2"
"340",2.51265176186948e-266,1.28259992466856,0.788,0.551,5.02530352373895e-263,"7","TROAP"
"341",1.86940402077058e-239,1.03894140884181,0.825,0.616,3.73880804154115e-236,"7","CKS1B"
"342",4.12934135629981e-218,1.05480210184968,0.73,0.372,8.25868271259963e-215,"7","PLK1"
"343",7.1249596899352e-195,1.03143125574201,0.756,0.447,1.42499193798704e-191,"7","CKAP2"
"344",3.52556282640354e-190,1.00588198038746,0.763,0.551,7.05112565280707e-187,"7","KIF2C"
"345",3.01346646421328e-96,0.976075887211402,0.629,0.334,6.02693292842657e-93,"7","CENPE"
"346",0,1.58163398095843,0.932,0.49,0,"8","SOX4"
"347",0,1.51464648361415,0.957,0.398,0,"8","ENC1"
"348",0,1.450190367288,0.975,0.499,0,"8","SCG2"
"349",0,1.28486896076207,0.87,0.306,0,"8","OLFM1"
"350",0,1.23522338224083,0.985,0.315,0,"8","VGF"
"351",0,1.08881870601644,0.947,0.395,0,"8","PLXNA4"
"352",0,0.98063573401467,0.862,0.252,0,"8","SNAP25"
"353",0,0.980416321343607,0.998,0.283,0,"8","PCSK1"
"354",0,0.9589380104401,0.996,0.32,0,"8","NPAS4"
"355",0,0.942097307497386,0.893,0.342,0,"8","SYP"
"356",0,0.879828456025669,0.975,0.445,0,"8","PLK2"
"357",0,0.842744964434441,0.997,0.349,0,"8","SEMA3C"
"358",0,0.828854273617239,0.932,0.302,0,"8","KIF1A"
"359",0,0.820301824862159,0.909,0.41,0,"8","LBH"
"360",0,0.755129768677355,0.987,0.198,0,"8","SYT7"
"361",0,0.74248694825057,0.998,0.451,0,"8","PRKCB"
"362",0,0.728563653469344,0.93,0.327,0,"8","ARHGAP33"
"363",0,0.703915618855387,0.983,0.248,0,"8","GABBR2"
"364",0,0.687047468899239,0.991,0.322,0,"8","VSTM2L"
"365",0,0.683786819429374,0.972,0.336,0,"8","AATK"
"366",0,0.666224534366749,0.972,0.618,0,"8","C2orf80"
"367",0,0.65034817765648,0.976,0.247,0,"8","KIAA1107"
"368",0,0.647602691203531,0.997,0.368,0,"8","KCNQ3"
"369",0,0.644380739159428,0.851,0.23,0,"8","GNG3"
"370",0,0.642954872354413,0.999,0.269,0,"8","TPD52L1"
"371",0,0.638968581265305,0.998,0.291,0,"8","RP11-690D19.3"
"372",0,0.63621718888389,0.992,0.309,0,"8","CPEB3"
"373",0,0.634332086122166,0.997,0.467,0,"8","CAP2"
"374",0,0.62252513330288,0.987,0.606,0,"8","NUDT11"
"375",0,0.605558049883981,0.914,0.346,0,"8","MXD1"
"376",1.09635018817174e-285,0.737338974857628,0.912,0.419,2.19270037634348e-282,"8","HMGA1"
"377",2.09255738044814e-279,0.754487434315252,0.956,0.734,4.18511476089627e-276,"8","LINGO1"
"378",2.07311894289892e-268,0.862483918220356,0.955,0.722,4.14623788579784e-265,"8","SLAIN1"
"379",3.63661415965638e-255,0.888880817504344,0.808,0.233,7.27322831931276e-252,"8","CELF3"
"380",1.65070570264502e-245,1.23789289396287,0.929,0.737,3.30141140529004e-242,"8","UCHL1"
"381",1.1449500838806e-224,1.18990400250003,0.851,0.426,2.2899001677612e-221,"8","ATP1B1"
"382",2.56664658201391e-217,0.941147545332525,0.884,0.534,5.13329316402781e-214,"8","PPA1"
"383",8.86415557098914e-202,1.06136447607064,0.788,0.334,1.77283111419783e-198,"8","TAGLN3"
"384",3.58190440851122e-188,1.18862145023761,0.787,0.289,7.16380881702245e-185,"8","BASP1"
"385",5.55091077199177e-175,0.787390836732007,0.865,0.58,1.11018215439835e-171,"8","CNRIP1"
"386",2.39391749268102e-172,0.706466576637882,0.781,0.361,4.78783498536203e-169,"8","B4GALNT1"
"387",3.30064265170758e-172,0.670947972953599,0.952,0.731,6.60128530341516e-169,"8","STMN1"
"388",5.60127178891219e-166,1.15417783630172,0.769,0.407,1.12025435778244e-162,"8","ELAVL4"
"389",1.26427368041506e-146,1.07378397159639,0.79,0.478,2.52854736083012e-143,"8","NREP"
"390",5.2094630017973e-144,0.780586194621071,0.827,0.516,1.04189260035946e-140,"8","GAP43"
"391",7.00757402551888e-143,0.691758898554315,0.801,0.485,1.40151480510378e-139,"8","SOX11"
"392",7.99921552529491e-116,0.949411390287541,0.71,0.289,1.59984310505898e-112,"8","NSG1"
"393",3.10542099859119e-113,0.795660997783088,0.72,0.304,6.21084199718239e-110,"8","STMN4"
"394",8.56912484062403e-111,0.75722906018026,0.826,0.587,1.71382496812481e-107,"8","BEX1"
"395",8.06093565280671e-84,0.675246589774198,0.733,0.436,1.61218713056134e-80,"8","PFN2"
"396",0,3.27252634470279,0.984,0.687,0,"9","RGS5"
"397",0,2.96727647721882,0.941,0.465,0,"9","FN1"
"398",0,2.3631886906033,0.962,0.548,0,"9","BGN"
"399",0,2.3625126799689,0.951,0.529,0,"9","NDUFA4L2"
"400",0,2.34165388628976,0.949,0.743,0,"9","MIR4435-2HG"
"401",0,2.30953922613455,0.976,0.684,0,"9","COL4A1"
"402",0,2.22631761203888,0.974,0.728,0,"9","IGFBP7"
"403",0,2.0754354694503,0.933,0.626,0,"9","HIGD1B"
"404",0,2.02883542507497,0.963,0.67,0,"9","COL4A2"
"405",0,1.80815042340935,0.936,0.654,0,"9","PPP1R14A"
"406",0,1.57089093985415,0.895,0.622,0,"9","PDGFRB"
"407",0,1.46628362637843,0.93,0.532,0,"9","CYBA"
"408",0,1.43286251106597,0.854,0.419,0,"9","PLXDC1"
"409",0,1.41774246937701,0.884,0.543,0,"9","CCDC3"
"410",0,1.29103020260813,0.876,0.57,0,"9","ITGA1"
"411",1.50222155199972e-306,1.26411606429688,0.912,0.577,3.00444310399944e-303,"9","ARHGDIB"
"412",4.81446619290934e-301,1.26088774459238,0.822,0.412,9.62893238581869e-298,"9","COL1A1"
"413",2.13656563677981e-300,2.15367122323622,0.9,0.476,4.27313127355962e-297,"9","THY1"
"414",1.06997167231394e-289,1.33637724073781,0.859,0.5,2.13994334462788e-286,"9","S1PR3"
"415",4.5069531347795e-282,1.15653457938738,0.914,0.568,9.013906269559e-279,"9","S100A11"
"416",1.3788108199365e-277,1.19207693122555,0.891,0.56,2.757621639873e-274,"9","PCOLCE"
"417",1.43116399787027e-272,1.20463284354072,0.816,0.449,2.86232799574054e-269,"9","EDNRA"
"418",1.08448963672152e-269,1.35990877152836,0.867,0.504,2.16897927344303e-266,"9","UACA"
"419",2.0920419831126e-269,1.36900217959611,0.887,0.535,4.18408396622519e-266,"9","APOLD1"
"420",1.24191375656746e-267,1.12399705998106,0.784,0.276,2.48382751313492e-264,"9","COX7A1"
"421",7.43430368226705e-262,1.22368403839622,0.909,0.706,1.48686073645341e-258,"9","LAMA4"
"422",1.67000699899806e-258,1.73348953136796,0.836,0.483,3.34001399799611e-255,"9","TAGLN"
"423",7.58515739323337e-251,1.46376597683529,0.896,0.672,1.51703147864667e-247,"9","NOTCH3"
"424",1.64354760505445e-250,1.16034541281726,0.804,0.358,3.2870952101089e-247,"9","SELM"
"425",8.84987454799792e-250,1.32209686412246,0.796,0.392,1.76997490959958e-246,"9","MYL9"
"426",1.56750093506328e-240,1.15287631232092,0.799,0.448,3.13500187012657e-237,"9","PRELP"
"427",1.58743447783343e-236,1.17912568087316,0.887,0.574,3.17486895566686e-233,"9","F2R"
"428",1.13892895947272e-234,1.69189944795231,0.931,0.739,2.27785791894544e-231,"9","LINC00152"
"429",1.94239848381038e-232,1.3396693853062,0.896,0.679,3.88479696762077e-229,"9","EPAS1"
"430",9.94469447855214e-221,1.66346670357923,0.997,0.915,1.98893889571043e-217,"9","SPARC"
"431",3.46933557315496e-217,1.71305081661027,0.837,0.556,6.93867114630991e-214,"9","OLFML3"
"432",8.97305982299874e-215,1.6349059795648,0.924,0.752,1.79461196459975e-211,"9","CALD1"
"433",5.69840209532664e-212,1.45220863659798,0.853,0.583,1.13968041906533e-208,"9","TPM2"
"434",6.84378145162419e-207,1.72651456264194,0.875,0.531,1.36875629032484e-203,"9","ITGB1"
"435",5.3751538152591e-202,1.26668508010094,0.977,0.901,1.07503076305182e-198,"9","IFITM3"
"436",2.75112155359968e-199,1.20530257415581,0.861,0.621,5.50224310719935e-196,"9","SERPINH1"
"437",5.43514561738242e-197,1.31363030548284,0.836,0.553,1.08702912347648e-193,"9","FSTL1"
"438",2.73481043098242e-182,1.7755222830182,0.793,0.436,5.46962086196484e-179,"9","MGP"
"439",4.44890627548799e-158,1.09874908743734,0.916,0.79,8.89781255097599e-155,"9","GNG11"
"440",5.66765569561701e-156,1.65733415840401,0.91,0.721,1.1335311391234e-152,"9","LGALS1"
"441",1.46243008703064e-151,1.15204405066332,0.845,0.628,2.92486017406127e-148,"9","COL6A1"
"442",3.76273575294755e-148,1.14344328258148,0.848,0.665,7.5254715058951e-145,"9","SLC12A2"
"443",3.22878382055724e-138,1.31227914095802,0.78,0.541,6.45756764111449e-135,"9","HES4"
"444",1.82577416895029e-129,1.56042771416864,0.766,0.482,3.65154833790057e-126,"9","C11orf96"
"445",5.42631111948771e-94,1.18879223055951,0.912,0.735,1.08526222389754e-90,"9","ATP1A2"
"446",0,3.63311006259086,0.984,0.489,0,"10","CLDN5"
"447",0,3.27149583494043,1,0.731,0,"10","IGFBP7"
"448",8.40085526449454e-303,3.39212968243558,0.994,0.683,1.68017105289891e-299,"10","A2M"
"449",1.95351566025854e-302,3.31238528872991,0.971,0.469,3.90703132051708e-299,"10","ITM2A"
"450",8.19560532983972e-290,2.73034088845118,0.959,0.632,1.63912106596794e-286,"10","HSPG2"
"451",2.57109990277067e-277,2.73072876753532,0.922,0.405,5.14219980554135e-274,"10","VWF"
"452",6.61422168770765e-274,2.33693419512887,0.996,0.916,1.32284433754153e-270,"10","SPARC"
"453",1.98975863456079e-271,2.96913017019132,0.947,0.539,3.97951726912158e-268,"10","APOLD1"
"454",6.52784309897837e-270,2.60154536694376,0.932,0.502,1.30556861979567e-266,"10","ADGRL4"
"455",5.54511115945536e-267,3.00090154727885,0.961,0.688,1.10902223189107e-263,"10","COL4A1"
"456",3.99334067393183e-253,2.75736386545365,0.947,0.675,7.98668134786366e-250,"10","COL4A2"
"457",3.33831582497989e-243,2.52777310587406,0.911,0.579,6.67663164995979e-240,"10","PECAM1"
"458",1.31498686425751e-242,2.0732418531693,0.879,0.428,2.62997372851501e-239,"10","PCAT19"
"459",7.18925408864494e-239,2.29383623133457,0.889,0.335,1.43785081772899e-235,"10","IGFBP3"
"460",3.47924493952367e-236,2.39917428518235,0.883,0.44,6.95848987904735e-233,"10","ANGPT2"
"461",3.07276999113719e-235,2.09075093886514,0.912,0.457,6.14553998227439e-232,"10","MCAM"
"462",5.41958032720899e-234,1.86991257423816,0.872,0.46,1.0839160654418e-230,"10","BCL6B"
"463",5.79347905866971e-233,2.00011293306845,0.901,0.512,1.15869581173394e-229,"10","PLXND1"
"464",9.79310081489089e-231,2.79747312641941,0.922,0.645,1.95862016297818e-227,"10","CA2"
"465",5.26175263556373e-227,2.01570450614848,0.86,0.273,1.05235052711275e-223,"10","GJA1"
"466",2.86924859650897e-226,2.33407196410152,0.891,0.479,5.73849719301794e-223,"10","IFI27"
"467",4.55320396170013e-226,1.83954268708602,0.872,0.442,9.10640792340027e-223,"10","ADGRF5"
"468",2.34544569539523e-224,2.48937997248336,0.887,0.398,4.69089139079045e-221,"10","MFSD2A"
"469",5.8853277942675e-223,2.43158284891311,0.881,0.533,1.1770655588535e-219,"10","FLT1"
"470",9.1803718499286e-222,2.00501275446515,0.872,0.484,1.83607436998572e-218,"10","CD34"
"471",2.60553598734664e-221,1.7970619991036,0.866,0.465,5.21107197469328e-218,"10","MYO1B"
"472",5.1538503041652e-221,1.88238032788708,0.918,0.473,1.03077006083304e-217,"10","FN1"
"473",1.93276062741997e-218,2.05794661315717,0.868,0.474,3.86552125483993e-215,"10","SPINK8"
"474",1.08755011448959e-217,2.32862063223871,0.903,0.437,2.17510022897918e-214,"10","RGCC"
"475",1.12097338613544e-214,1.85709813752409,0.893,0.563,2.24194677227089e-211,"10","SLC1A4"
"476",4.61496707212366e-212,1.7707746402499,0.897,0.556,9.22993414424732e-209,"10","FSTL1"
"477",3.03537339489809e-210,2.4998993473274,0.864,0.375,6.07074678979619e-207,"10","SLC38A5"
"478",4.31785698735512e-210,2.76851533136031,0.889,0.565,8.63571397471024e-207,"10","ESAM"
"479",2.17896888515104e-207,2.1640806289216,0.86,0.337,4.35793777030207e-204,"10","INSR"
"480",9.03914960233319e-205,1.9125602232677,0.883,0.576,1.80782992046664e-201,"10","LAMC1"
"481",5.73078875106843e-204,2.00126538045119,0.912,0.638,1.14615775021369e-200,"10","C1orf54"
"482",7.83229006991623e-203,2.03617688085984,0.875,0.51,1.56645801398325e-199,"10","PODXL"
"483",2.06812792897162e-190,2.02030077733247,0.911,0.536,4.13625585794324e-187,"10","ITGB1"
"484",4.01959857230912e-187,1.86330866153663,0.823,0.438,8.03919714461825e-184,"10","ROBO4"
"485",2.10488829173876e-186,2.17471210162278,0.833,0.485,4.20977658347752e-183,"10","EGFL7"
"486",1.4081492311072e-179,1.93502710497506,0.858,0.542,2.81629846221439e-176,"10","APCDD1"
"487",9.18552760594415e-176,2.06755561316576,0.794,0.386,1.83710552118883e-172,"10","STC1"
"488",2.59376419886459e-174,2.1360234705535,0.868,0.683,5.18752839772918e-171,"10","EPAS1"
"489",3.44586760796255e-171,2.2502326782842,0.827,0.458,6.8917352159251e-168,"10","ABCG2"
"490",2.97937630442831e-165,1.73088719178613,0.819,0.566,5.95875260885662e-162,"10","CDH5"
"491",2.48769002686708e-154,1.96117937156995,0.809,0.439,4.97538005373416e-151,"10","SLC2A1"
"492",2.71679451444438e-153,2.42396728180403,0.809,0.416,5.43358902888875e-150,"10","CTGF"
"493",8.07546510339736e-151,1.72783822854723,0.833,0.525,1.61509302067947e-147,"10","ABLIM1"
"494",3.22237537794507e-143,1.80603606175263,0.854,0.794,6.44475075589015e-140,"10","GNG11"
"495",3.46560312777312e-121,1.77259440821734,0.78,0.554,6.93120625554624e-118,"10","ENG"
"496",7.11155425772082e-193,1.82077711161005,1,0.914,1.42231085154416e-189,"11","IFI6"
"497",1.28320883883838e-169,1.70349258972226,0.992,0.902,2.56641767767676e-166,"11","IFITM3"
"498",7.03777297477833e-163,2.04772147021053,0.932,0.723,1.40755459495567e-159,"11","ISG15"
"499",1.22574780761915e-158,1.10967598157212,1,0.994,2.4514956152383e-155,"11","B2M"
"500",3.01778692523346e-132,1.21250211077998,0.997,0.972,6.03557385046692e-129,"11","HLA-B"
"501",1.47649493143158e-123,1.37523576498474,0.953,0.808,2.95298986286316e-120,"11","HLA-E"
"502",2.8290206806071e-123,1.15261641176691,0.99,0.947,5.65804136121419e-120,"11","HLA-C"
"503",8.06420091749872e-116,1.41752786789377,0.862,0.7,1.61284018349974e-112,"11","STAT1"
"504",2.14555978938104e-111,1.52090504896765,0.88,0.749,4.29111957876207e-108,"11","TAP1"
"505",4.35949459624238e-108,1.1271768799111,0.883,0.802,8.71898919248477e-105,"11","BST2"
"506",4.81812203859958e-108,0.977104136426163,0.995,0.963,9.63624407719915e-105,"11","HLA-A"
"507",2.58265113361312e-98,1.66385864759217,0.82,0.611,5.16530226722623e-95,"11","WARS"
"508",1.33618583922367e-88,1.37557604699372,0.789,0.695,2.67237167844733e-85,"11","GBP1"
"509",4.14205701583328e-82,0.953068175290614,0.82,0.783,8.28411403166656e-79,"11","RP11-467L13.5"
"510",5.60964571222678e-81,1.15188285295275,0.794,0.673,1.12192914244536e-77,"11","RARRES3"
"511",1.89801712022114e-66,0.860709894832327,0.99,0.964,3.79603424044228e-63,"11","CST3"
"512",3.33006994151416e-56,0.916472473308822,0.726,0.673,6.66013988302832e-53,"11","IFI44L"
"513",2.13629098757592e-54,0.527403389721701,0.608,0.443,4.27258197515184e-51,"11","GBP4"
"514",3.81563162950041e-51,0.650584916174067,0.7,0.592,7.63126325900083e-48,"11","SERPING1"
"515",6.35322342366406e-48,0.561523612487846,0.982,0.922,1.27064468473281e-44,"11","CLU"
"516",8.0033628122662e-48,0.762737636858621,0.624,0.504,1.60067256245324e-44,"11","IFIT3"
"517",1.21099361407149e-44,0.757929688564187,0.661,0.627,2.42198722814299e-41,"11","APOL1"
"518",1.2734164798238e-44,0.603401459307035,0.567,0.374,2.54683295964761e-41,"11","IRF1"
"519",3.21495934946483e-44,1.02092465983273,0.663,0.631,6.42991869892966e-41,"11","MX1"
"520",1.8241633686208e-43,0.721759639886339,0.796,0.769,3.6483267372416e-40,"11","LGALS3BP"
"521",2.2896489972282e-43,0.655613797267644,0.791,0.802,4.5792979944564e-40,"11","CARD16"
"522",4.46476143829168e-39,0.717675431253676,0.585,0.485,8.92952287658336e-36,"11","RSAD2"
"523",1.98180158792072e-38,0.426643645506243,0.849,0.82,3.96360317584144e-35,"11","AQP4"
"524",8.00967411908803e-38,0.816256863886872,0.642,0.547,1.60193482381761e-34,"11","APOL2"
"525",6.46965154833809e-37,0.795449197495048,0.731,0.771,1.29393030966762e-33,"11","XAF1"
"526",1.1690836548532e-35,0.522734710303499,0.893,0.897,2.3381673097064e-32,"11","DCN"
"527",3.79007462187455e-35,0.752088072580233,0.799,0.792,7.5801492437491e-32,"11","LPL"
"528",6.30343324169229e-32,0.722060807791081,0.59,0.576,1.26068664833846e-28,"11","IFIT1"
"529",1.37582685038288e-31,0.411137874805936,0.997,0.987,2.75165370076576e-28,"11","MT2A"
"530",1.64611770807593e-31,0.451622783174996,0.846,0.853,3.29223541615186e-28,"11","S100A16"
"531",5.47626844680702e-30,0.443752497877311,0.695,0.687,1.0952536893614e-26,"11","IFITM2"
"532",7.63611194664751e-29,0.426521537989435,0.653,0.624,1.5272223893295e-25,"11","C1S"
"533",1.28368089486197e-28,0.452219741318952,0.648,0.685,2.56736178972394e-25,"11","SAMD9L"
"534",2.73488471485549e-25,0.527395026056207,0.574,0.563,5.46976942971099e-22,"11","IFIH1"
"535",1.06769285129696e-24,0.410231701269277,0.655,0.626,2.13538570259391e-21,"11","C1R"
"536",2.45486277628991e-24,0.416452264837184,0.906,0.887,4.90972555257981e-21,"11","ATP1B2"
"537",5.4914412910736e-24,0.800483744163926,0.642,0.708,1.09828825821472e-20,"11","OAS1"
"538",8.76010600463693e-23,0.411030350242544,0.757,0.707,1.75202120092739e-19,"11","CNP"
"539",9.29001993344906e-18,0.40816012082062,0.736,0.679,1.85800398668981e-14,"11","NKAIN4"
"540",1.36639472822506e-17,0.649296516951884,0.561,0.584,2.73278945645012e-14,"11","CMPK2"
"541",9.37084018112335e-17,0.542935962289856,0.916,0.886,1.87416803622467e-13,"11","S100A6"
"542",4.44057372378174e-14,0.568415595401423,0.755,0.82,8.88114744756347e-11,"11","METTL7B"
"543",9.19863878099833e-10,0.773272200063171,0.538,0.494,1.83972775619967e-06,"11","BCYRN1"
"544",9.54796097116627e-07,0.427846835936641,0.687,0.801,0.00190959219423325,"11","GDF15"
"545",2.64077989295998e-06,0.41749775375193,0.705,0.788,0.00528155978591997,"11","CHI3L1"
"546",3.97750991306885e-236,2.31554591207237,1,0.509,7.95501982613769e-233,"12","HSPA6"
"547",6.11807559351242e-234,2.06860490615075,0.992,0.495,1.22361511870248e-230,"12","HSPA7"
"548",1.48982203318995e-132,1.27657625908783,0.992,0.839,2.9796440663799e-129,"12","HSPA1A"
"549",1.88229498032613e-122,1.11544535582147,0.976,0.778,3.76458996065226e-119,"12","HSPA1B"
"550",2.58840392550999e-85,0.507097931483061,0.941,0.704,5.17680785101998e-82,"12","CYR61"
"551",8.05085309519393e-67,0.846060739770369,0.951,0.831,1.61017061903879e-63,"12","JUN"
"552",9.5930666506899e-66,0.345208656329773,0.849,0.556,1.91861333013798e-62,"12","FAM46A"
"553",9.08428745399254e-63,0.736208917238115,0.97,0.906,1.81685749079851e-59,"12","HSPB1"
"554",9.5297645924217e-63,0.652220666871755,0.922,0.668,1.90595291848434e-59,"12","DNAJB1"
"555",8.40105338771406e-60,0.323232008789152,0.889,0.639,1.68021067754281e-56,"12","IER5"
"556",1.91644490677957e-58,0.295798274418597,0.784,0.363,3.83288981355915e-55,"12","ABCA1"
"557",1.26875409801181e-52,0.393140601022065,0.984,0.862,2.53750819602362e-49,"12","CRYAB"
"558",3.48785349436116e-52,0.268536955554439,0.903,0.667,6.97570698872232e-49,"12","CREB5"
"559",1.39132522590719e-51,0.317179617942161,0.849,0.505,2.78265045181439e-48,"12","ID4"
"560",2.40079123699643e-51,0.27336330738973,0.922,0.723,4.80158247399287e-48,"12","VEGFA"
"561",3.27920515733946e-45,0.564270838947928,0.962,0.829,6.55841031467892e-42,"12","EGR1"
"562",3.83627841586764e-41,0.540022674050575,0.981,0.898,7.67255683173527e-38,"12","FOS"
"563",1.30518845357691e-36,0.251592312295505,0.697,0.36,2.61037690715382e-33,"12","MYC"
"564",2.27332179423036e-34,0.313479798046158,0.73,0.504,4.54664358846072e-31,"12","SOCS3"
"565",1.84426386579389e-32,0.429143707662659,0.765,0.488,3.68852773158778e-29,"12","HSPH1"
"566",1.65642599636949e-26,0.399053649595098,0.805,0.588,3.31285199273898e-23,"12","IER2"
"567",2.53486559151242e-26,0.285225426451516,0.73,0.475,5.06973118302483e-23,"12","MT1F"
"568",2.93094094689073e-26,0.270662205182022,0.832,0.601,5.86188189378145e-23,"12","JUNB"
"569",3.13554547274627e-23,0.268463878442203,0.724,0.517,6.27109094549253e-20,"12","ATF3"
"570",3.62757980679878e-22,0.302230483237147,0.8,0.603,7.25515961359755e-19,"12","GADD45B"
"571",2.64295743654154e-21,0.282348294886074,0.759,0.502,5.28591487308309e-18,"12","BTG2"
"572",1.29004447416178e-19,0.25577698198002,0.978,0.892,2.58008894832355e-16,"12","MT-RNR2"
"573",5.89470212549397e-17,0.382756584981048,0.724,0.619,1.17894042509879e-13,"12","ZFAND2A"
"574",3.80353130704267e-145,1.96801254144589,0.914,0.352,7.60706261408534e-142,"13","PTGDS"
"575",2.49923668873275e-104,1.09734462583323,0.882,0.346,4.99847337746549e-101,"13","PLP1"
"576",2.49984772819472e-103,1.45040259737564,0.847,0.295,4.99969545638943e-100,"13","MBP"
"577",2.19905693863374e-100,0.979683424808877,0.899,0.627,4.39811387726748e-97,"13","NDRG1"
"578",2.7067475998865e-82,0.698797287834223,0.885,0.43,5.41349519977299e-79,"13","FBXO32"
"579",2.97357210926966e-79,1.53107829623215,0.879,0.531,5.94714421853931e-76,"13","SLC44A1"
"580",4.51332651317736e-78,1.07589332512946,0.888,0.648,9.02665302635473e-75,"13","SEPP1"
"581",5.60562182431632e-74,0.526760355873625,0.968,0.667,1.12112436486326e-70,"13","CREB5"
"582",1.35185446150185e-73,1.19973830691013,0.813,0.547,2.70370892300369e-70,"13","RNASE1"
"583",8.43045327183848e-69,0.466502676628841,0.994,0.782,1.6860906543677e-65,"13","MT-ND1"
"584",3.98430394495142e-68,1.49070548644654,0.971,0.862,7.96860788990285e-65,"13","CRYAB"
"585",3.28167297589859e-67,1.17537838391578,0.775,0.283,6.56334595179718e-64,"13","TF"
"586",9.43267656788951e-65,1.63573698363575,0.784,0.396,1.8865353135779e-61,"13","APOD"
"587",1.59551687553742e-63,0.638808120506185,0.911,0.705,3.19103375107485e-60,"13","CNP"
"588",3.7934634314384e-55,0.492032962213379,0.836,0.404,7.58692686287679e-52,"13","GRM3"
"589",4.34576613771559e-48,1.28004813654737,0.833,0.594,8.69153227543118e-45,"13","CLDND1"
"590",1.68243144660383e-45,0.444046009902981,0.824,0.511,3.36486289320766e-42,"13","SPP1"
"591",7.23639402087707e-45,0.6404578301845,0.896,0.515,1.44727880417541e-41,"13","ATF3"
"592",1.56096501461621e-44,0.58232515962624,0.919,0.643,3.12193002923242e-41,"13","DDIT3"
"593",3.37725586059525e-43,0.904937298607878,0.787,0.542,6.75451172119049e-40,"13","APLP1"
"594",6.49471706018694e-42,0.942177715376088,0.735,0.548,1.29894341203739e-38,"13","TMEM144"
"595",1.261224688482e-39,0.977230102350445,0.778,0.469,2.52244937696399e-36,"13","SIRT2"
"596",6.41806565052537e-35,0.532258242479839,0.308,0.39,1.28361313010507e-31,"13","NKX6-2"
"597",9.0869833416446e-33,0.927608196581405,0.781,0.471,1.81739666832892e-29,"13","AMD1"
"598",4.60790130871764e-32,0.706226054194438,0.821,0.73,9.21580261743528e-29,"13","SLAIN1"
"599",3.99385864307607e-29,0.861842042493932,0.957,0.826,7.98771728615214e-26,"13","S100B"
"600",2.64325587782832e-27,0.96144013292601,0.723,0.426,5.28651175565664e-24,"13","GSN"
"601",1.3220181287181e-23,0.642145005939808,0.888,0.767,2.64403625743619e-20,"13","LGALS3BP"
"602",2.93348959087412e-21,0.639850020848783,0.729,0.664,5.86697918174824e-18,"13","PPP1R14A"
"603",6.98741558987515e-19,0.564989019176305,0.885,0.609,1.39748311797503e-15,"13","MAP1B"
"604",6.01207624561672e-17,0.605470862935456,0.787,0.625,1.20241524912334e-13,"13","QDPR"
"605",9.49653024879885e-17,0.62028411662544,0.646,0.313,1.89930604975977e-13,"13","SEPT4"
"606",4.11392740069477e-16,0.888031193934682,0.793,0.697,8.22785480138953e-13,"13","PLA2G16"
"607",6.88861742082782e-16,0.453459187791021,0.942,0.791,1.37772348416556e-12,"13","PHGDH"
"608",6.6405696856333e-15,0.45490821793142,0.977,0.849,1.32811393712666e-11,"13","FTLP3"
"609",1.30047728810209e-14,0.79425725478662,0.617,0.359,2.60095457620419e-11,"13","ERMN"
"610",1.31807471720597e-13,0.520366266295504,0.654,0.372,2.63614943441194e-10,"13","NFASC"
"611",1.49794974342783e-13,0.530825557929868,0.666,0.397,2.99589948685567e-10,"13","EFNA1"
"612",6.82303906860637e-13,0.557657780262202,0.807,0.683,1.36460781372127e-09,"13","CAMK2N1"
"613",3.1111587780017e-10,0.600821921007545,0.735,0.589,6.2223175560034e-07,"13","BEST1"
"614",4.43224841103531e-09,0.496261574971014,0.412,0.323,8.86449682207063e-06,"13","TSPAN15"
"615",4.30749544482999e-08,0.56619175597522,0.769,0.659,8.61499088965998e-05,"13","VWA1"
"616",1.16188922931984e-07,0.699687254749644,0.556,0.325,0.000232377845863968,"13","DAAM2"
"617",4.36203835318425e-07,0.544388889973628,0.643,0.447,0.000872407670636849,"13","ELAVL3"
"618",2.73335369738214e-05,0.482409768011148,0.427,0.275,0.0546670739476427,"13","EVI2A"
"619",5.81234522661816e-05,0.542746029944521,0.582,0.479,0.116246904532363,"13","PADI2"
"620",0.00055974146503747,0.704532175896393,0.591,0.452,1,"13","AIF1L"
"621",0.00061555629347516,0.520144258438547,0.516,0.353,1,"13","SEMA4D"
"622",0.00409058539180418,0.647856334386832,0.628,0.573,1,"13","SCD"
"623",0.00856570566803536,0.749981746307407,0.53,0.401,1,"13","CERCAM"
"624",1.18797579519705e-64,1.96750898992474,0.914,0.422,2.3759515903941e-61,"14","HIST1H1C"
"625",1.52255248554643e-57,2.20805295275219,0.9,0.388,3.04510497109287e-54,"14","HIST2H2AA4"
"626",1.3193084204456e-47,0.394326185961861,0.893,0.561,2.63861684089119e-44,"14","TROAP"
"627",5.8232426689353e-45,1.16772254709994,0.814,0.352,1.16464853378706e-41,"14","HIST1H2AC"
"628",1.27192003466376e-38,1.0569445767487,0.779,0.366,2.54384006932752e-35,"14","HIST2H2BE"
"629",1.58305209554552e-32,0.361922699812765,0.907,0.605,3.16610419109105e-29,"14","NUSAP1"
"630",3.50774982326322e-30,0.845370666235803,0.893,0.624,7.01549964652644e-27,"14","BIRC5"
"631",4.80122206314126e-28,0.322289215685121,0.643,0.299,9.60244412628252e-25,"14","RP11-93H24.3"
"632",3.70604985124145e-26,0.727310189002411,0.679,0.309,7.4120997024829e-23,"14","HIST1H2AE"
"633",5.88092467966248e-22,0.638541236765519,0.929,0.738,1.1761849359325e-18,"14","MT1E"
"634",1.36104568965803e-21,0.691224248940314,0.829,0.559,2.72209137931607e-18,"14","ARL6IP1P2"
"635",4.17477614018619e-20,0.346934789573565,0.814,0.666,8.34955228037237e-17,"14","FOXJ1"
"636",1.47322692649432e-18,0.635077259965868,0.864,0.62,2.94645385298863e-15,"14","SEPT9"
"637",1.71143216364107e-18,1.02607118400419,0.671,0.414,3.42286432728214e-15,"14","HIST1H2BD"
"638",2.23187695291922e-16,0.416280115138723,0.914,0.683,4.46375390583843e-13,"14","HMGB1P5"
"639",1.30323719860791e-15,0.813406099911319,0.9,0.726,2.60647439721583e-12,"14","LGALS1"
"640",7.31588122417664e-14,0.429630949932538,0.614,0.411,1.46317624483533e-10,"14","HIST1H2BC"
"641",1.19339320671427e-13,0.542518459801111,0.943,0.81,2.38678641342855e-10,"14","HMGN2"
"642",5.54634727270029e-12,0.271179311791172,0.671,0.41,1.10926945454006e-08,"14","HMGN5"
"643",1.18876659329052e-10,0.411257514344066,0.986,0.861,2.37753318658104e-07,"14","TUBA1B"
"644",4.14443366146404e-10,0.469458630729969,0.836,0.659,8.28886732292807e-07,"14","ARL6IP1"
"645",8.42804055966091e-10,0.340555062335465,0.721,0.501,1.68560811193218e-06,"14","FOXM1"
"646",1.35777318354775e-09,0.381675331922477,0.893,0.696,2.7155463670955e-06,"14","ETV1"
"647",1.66410674375876e-09,0.380395447830567,0.879,0.711,3.32821348751752e-06,"14","LINC01158"
"648",2.46475213150232e-09,0.416790581051344,0.929,0.856,4.92950426300464e-06,"14","TIMP2"
"649",3.48258951299871e-09,0.703174014313715,0.721,0.576,6.96517902599743e-06,"14","SNHG25"
"650",1.07812811597273e-07,0.365101433098451,0.971,0.89,0.000215625623194546,"14","CKB"
"651",9.29351217694757e-07,0.390567580226298,0.871,0.747,0.00185870243538951,"14","OLIG1"
"652",1.23863683107073e-06,0.349793220249809,0.871,0.785,0.00247727366214146,"14","SPATS2L"
"653",2.49696064309047e-06,0.316302338314487,0.564,0.375,0.00499392128618095,"14","SEZ6"
"654",2.95163569683056e-06,0.255478705693717,0.621,0.437,0.00590327139366112,"14","SNHG1"
"655",3.73159881612129e-06,0.445496056723759,0.771,0.676,0.00746319763224259,"14","SOX9"
"656",6.21008411572183e-06,0.260783650324731,0.65,0.444,0.0124201682314437,"14","SLC2A3"
"657",1.03724582886658e-05,0.33869900494986,0.886,0.789,0.0207449165773315,"14","LMO4"
"658",1.08956983532044e-05,0.366514048171578,0.414,0.257,0.0217913967064088,"14","HIST1H2BG"
"659",1.48108321670186e-05,0.262872032109198,0.779,0.703,0.0296216643340372,"14","TSC22D1"
"660",1.52397787568855e-05,0.466787331136343,0.5,0.338,0.0304795575137711,"14","C2orf88"
"661",2.35071937175143e-05,0.656761563731284,0.386,0.179,0.0470143874350286,"14","HIST1H2BJ"
"662",0.000103221258093502,0.2583050526248,0.643,0.505,0.206442516187004,"14","BTG2"
"663",0.000146951455932049,0.307828829627713,0.621,0.52,0.293902911864099,"14","ATF3"
"664",0.000261457388441645,0.276244602961811,0.864,0.771,0.522914776883291,"14","CDK6"
"665",0.000312150343246204,0.74192797498076,0.579,0.44,0.624300686492407,"14","ID2"
"666",0.000414074321616806,0.296262479942413,0.964,0.869,0.828148643233612,"14","FXYD6"
"667",0.000955176845127982,0.263438522558652,0.779,0.721,1,"14","SOX2"
"668",0.00127671037952446,0.428996635802089,0.736,0.669,1,"14","SOX2-OT"
"669",0.00131167208848923,0.364520352821096,0.929,0.842,1,"14","NES"
"670",0.00275645862527348,0.27790813854467,0.907,0.841,1,"14","HMGB1"
"671",0.00713413118988079,0.31364592230477,0.943,0.913,1,"14","C1orf61"
"672",4.48702415318537e-46,1.07089542655734,0.946,0.219,8.97404830637073e-43,"15","FGFBP2"
"673",3.17937953426038e-42,1.13836967173776,0.932,0.373,6.35875906852077e-39,"15","KLRD1"
"674",2.66503396216977e-39,2.43398415402583,0.932,0.441,5.33006792433955e-36,"15","CCL5"
"675",9.7296547022829e-36,0.904529695440178,0.919,0.508,1.94593094045658e-32,"15","FAM65B"
"676",1.27855260896035e-35,1.2498861074885,0.932,0.338,2.55710521792071e-32,"15","AHNAK"
"677",5.2014117453852e-28,0.878773582676224,1,0.992,1.04028234907704e-24,"15","TMSB4X"
"678",1.40272365866252e-26,1.25607848099497,0.865,0.461,2.80544731732503e-23,"15","ALOX5AP"
"679",5.01177238769489e-26,0.829844520417365,0.865,0.437,1.00235447753898e-22,"15","VAMP8"
"680",7.71238330904276e-25,1.67252676820914,0.892,0.686,1.54247666180855e-21,"15","IFITM2"
"681",1.31280893042225e-23,0.768828603055537,0.905,0.521,2.62561786084449e-20,"15","HLA-DPA1"
"682",2.7449041525555e-22,1.43392490257591,0.838,0.509,5.489808305111e-19,"15","CXCR4"
"683",1.52465497985318e-20,1.86783959556825,0.851,0.529,3.04930995970636e-17,"15","SRGN"
"684",2.49318127829148e-20,0.898917356140361,0.851,0.295,4.98636255658296e-17,"15","RGS2"
"685",1.62137763286503e-19,0.98442645453007,0.824,0.383,3.24275526573006e-16,"15","TGFB1"
"686",4.26380547640759e-18,0.894877387551188,1,0.972,8.52761095281518e-15,"15","HLA-B"
"687",1.13474924436892e-17,1.72735775799146,0.811,0.469,2.26949848873783e-14,"15","CREM"
"688",1.22497374988004e-17,1.28298437574673,0.919,0.629,2.44994749976008e-14,"15","NFKBIA"
"689",6.13516321223672e-16,0.857581151537301,1,0.994,1.22703264244734e-12,"15","B2M"
"690",7.04812469209094e-16,0.762009742253287,0.838,0.562,1.40962493841819e-12,"15","EFHD2"
"691",6.02075451843101e-15,0.866809401732885,0.797,0.484,1.2041509036862e-11,"15","RGS1"
"692",9.14546249402213e-14,0.795988612386595,0.932,0.881,1.82909249880443e-10,"15","PTMA"
"693",2.00534704996875e-13,0.77948983992038,0.757,0.357,4.01069409993749e-10,"15","FCER1G"
"694",8.37743106029434e-13,1.76116449645824,0.73,0.578,1.67548621205887e-09,"15","ISG20"
"695",1.01614624067908e-12,1.23867401397895,0.73,0.452,2.03229248135817e-09,"15","PTPRC"
"696",1.30408390903385e-11,1.26922394474523,0.716,0.416,2.6081678180677e-08,"15","HCST"
"697",7.59221731883934e-11,0.902227859843231,0.743,0.427,1.51844346376787e-07,"15","ETS1"
"698",9.82880181028235e-11,1.04128548670998,0.784,0.551,1.96576036205647e-07,"15","MYH9"
"699",1.33670809050331e-10,1.3859682533097,0.743,0.452,2.67341618100662e-07,"15","TXNIP"
"700",1.44278204654367e-10,1.25354519648739,0.703,0.408,2.88556409308734e-07,"15","S100A10"
"701",2.63417996863875e-10,0.963483635224612,0.838,0.455,5.2683599372775e-07,"15","AP000769.1"
"702",4.3840488740325e-09,1.18599205616645,0.689,0.361,8.76809774806501e-06,"15","CCL4"
"703",5.74930572973216e-09,1.16470997732969,0.784,0.545,1.14986114594643e-05,"15","ARL4C"
"704",1.06372341243274e-08,0.90337712175621,0.824,0.566,2.12744682486549e-05,"15","DDIT4"
"705",1.42737447652124e-08,1.20800974871129,0.676,0.348,2.85474895304248e-05,"15","IL32"
"706",1.91594423052154e-08,0.859252316028709,0.959,0.872,3.83188846104308e-05,"15","MT-CO1"
"707",2.83359927286144e-08,0.92088431161593,0.703,0.547,5.66719854572289e-05,"15","DUSP4"
"708",2.86614467040918e-08,1.17990658913917,0.676,0.327,5.73228934081836e-05,"15","S100A4"
"709",3.4676729886003e-08,0.917027948381983,0.851,0.811,6.9353459772006e-05,"15","HLA-E"
"710",4.48108357348366e-08,1.1151711018819,0.662,0.389,8.96216714696732e-05,"15","FXYD5"
"711",4.95473765735218e-08,0.796706770867063,0.919,0.858,9.90947531470435e-05,"15","MT-CO3"
"712",6.65577046893188e-07,0.99337044288671,0.649,0.337,0.00133115409378638,"15","FYB"
"713",3.39067972018896e-06,1.03994767137219,0.73,0.503,0.00678135944037793,"15","NEAT1"
"714",7.76578098099706e-06,1.03295917820277,0.649,0.597,0.0155315619619941,"15","TNFAIP3"
"715",1.12293633998019e-05,1.04208892170978,0.622,0.341,0.0224587267996038,"15","CD53"
"716",2.58326313449436e-05,0.791998665626432,0.676,0.545,0.0516652626898871,"15","CYBA"
"717",2.96940310182288e-05,0.933596116888164,0.595,0.302,0.0593880620364576,"15","MBP"
"718",0.000446639268152449,0.933880407170027,0.608,0.407,0.893278536304899,"15","CLEC2B"
"719",0.0014954573644771,0.881816178060455,0.622,0.589,1,"15","ARHGDIB"
"720",0.00201150250417284,0.857559708338791,0.716,0.721,1,"15","HLA-F"
"721",0.00916175411374581,0.791002774933628,0.378,0.384,1,"15","FOSL2"
"722",2.28834941547798e-13,3.52906782784462,1,0.426,4.57669883095597e-10,"16","COL1A1"
"723",1.3201663452403e-12,2.85477184657728,1,0.897,2.64033269048061e-09,"16","DCN"
"724",2.34719005192691e-12,2.37265468737206,1,0.513,4.69438010385382e-09,"16","S1PR3"
"725",2.42199825367076e-12,3.44690092673464,1,0.401,4.84399650734153e-09,"16","APOD"
"726",2.66382505646865e-12,2.78591352618677,1,0.697,5.32765011293731e-09,"16","RGS5"
"727",2.73231379304729e-12,1.95032259618225,1,0.357,5.46462758609457e-09,"16","PDLIM1"
"728",2.98423007401921e-12,1.71371876238396,1,0.632,5.96846014803841e-09,"16","PDGFRB"
"729",3.49381836704992e-12,3.14539524733838,1,0.572,6.98763673409983e-09,"16","PCOLCE"
"730",5.54537992290598e-12,3.52775434239962,1,0.36,1.1090759845812e-08,"16","PTGDS"
"731",1.00892592605624e-11,2.75547259111096,1,0.694,2.01785185211249e-08,"16","COL4A1"
"732",1.23908040642051e-11,1.66540697853345,1,0.257,2.47816081284102e-08,"16","CTSK"
"733",1.42738268642192e-11,1.88193301347698,1,0.664,2.85476537284383e-08,"16","PPP1R14A"
"734",1.62478766983752e-11,2.1477729480957,1,0.75,3.24957533967504e-08,"16","MIR4435-2HG"
"735",2.09144517208851e-11,1.72289202693182,1,0.626,4.18289034417701e-08,"16","NID1"
"736",5.9314569708369e-11,1.80581128816888,1,0.736,1.18629139416738e-07,"16","IGFBP7"
"737",8.01754044965449e-11,2.49216487797265,1,0.545,1.6035080899309e-07,"16","CYBA"
"738",2.83250463961355e-10,2.31512675467426,1,0.53,5.6650092792271e-07,"16","ANXA1"
"739",4.27618638331957e-10,1.73131038065326,1,0.623,8.55237276663914e-07,"16","IGFBP4"
"740",7.46870218752464e-10,2.33498235138221,1,0.721,1.49374043750493e-06,"16","F3"
"741",7.58640493144239e-10,2.1033621578147,1,0.543,1.51728098628848e-06,"16","ITGB1"
"742",9.29103719459941e-10,2.04256724673965,1,0.58,1.85820743891988e-06,"16","S100A11"
"743",1.04764853024328e-09,2.45079178698859,1,0.727,2.09529706048656e-06,"16","LGALS1"
"744",1.05132675539753e-09,2.72300583396364,1,0.905,2.10265351079506e-06,"16","TIMP1"
"745",1.24204261971399e-09,2.04825741382279,1,0.319,2.48408523942798e-06,"16","CLDN11"
"746",1.3139825870759e-09,3.06673191198239,1,0.725,2.6279651741518e-06,"16","LHFP"
"747",3.02856738552054e-09,1.81333121630132,1,0.726,6.05713477104107e-06,"16","ISG15"
"748",3.99531802326119e-09,1.66939292759514,0.941,0.406,7.99063604652238e-06,"16","MYL9"
"749",7.03003972891956e-09,1.91175700169738,0.941,0.373,1.40600794578391e-05,"16","SELM"
"750",7.49084841200694e-09,1.82921592910119,1,0.491,1.49816968240139e-05,"16","NREP"
"751",1.37387769366002e-08,1.70178974378579,1,0.695,2.74775538732004e-05,"16","MYL12A"
"752",1.78469267600035e-08,1.69055806182593,0.941,0.406,3.56938535200069e-05,"16","TM4SF1"
"753",3.69293181781674e-08,1.76946753230124,1,0.785,7.38586363563348e-05,"16","SPATS2L"
"754",7.67142565237513e-08,2.06834343297237,1,0.717,0.000153428513047503,"16","PHLDA1"
"755",1.0995513776555e-07,2.27115251319562,0.941,0.582,0.000219910275531101,"16","TPM1"
"756",1.76659309199298e-07,2.3100597030629,0.882,0.566,0.000353318618398596,"16","OLFML3"
"757",1.79750102927269e-07,1.75188706563634,1,0.588,0.000359500205854538,"16","ANXA2"
"758",2.83840674758626e-07,2.26066578689497,0.882,0.449,0.000567681349517251,"16","MGP"
"759",3.06377362617972e-07,1.69258470090366,0.882,0.426,0.000612754725235944,"16","ZIC1"
"760",6.15885020744067e-07,1.85551511440805,0.882,0.681,0.00123177004148813,"16","COL4A2"
"761",2.50181808179468e-06,2.01313292971727,0.824,0.251,0.00500363616358935,"16","FBLN1"
"762",1.69414335480145e-05,1.89481648629879,0.882,0.503,0.033882867096029,"16","RND3"
"763",7.33938226593378e-05,2.58092812442501,0.765,0.383,0.146787645318676,"16","ISLR"
"764",9.82249598292021e-05,1.71467892793579,0.765,0.379,0.196449919658404,"16","RARRES2"
"765",0.000152309417705451,1.96109862076458,0.765,0.29,0.304618835410902,"16","ITIH5"
"766",0.000282570643970689,1.62278083289415,1,0.778,0.565141287941378,"16","RBP1"
"767",0.000714240552833429,1.80340357659405,0.765,0.563,1,"16","BGN"
"768",0.00358546728176876,1.9390111656207,0.706,0.424,1,"16","CTGF"
"769",0.00394705208730654,1.62200868667013,0.706,0.383,1,"16","PMEPA1"
"770",0.00466207833146859,1.90784948384089,0.882,0.707,1,"16","SERPINE1"
"771",0.00955687429175566,2.08738389604478,0.412,0.371,1,"16","CCL2"
