"","orig.ident","nCount_RNA","nFeature_RNA","percent.mt","RNA_snn_res.0.8","seurat_clusters"
"cell_3","cell",13826,4334,0.325473745117894,"6","6"
"cell_4","cell",13575,4319,1.20073664825046,"4","4"
"cell_5","cell",13346,4554,0.232279334632099,"1","1"
"cell_6","cell",13254,4194,3.72717670137317,"3","3"
"cell_7","cell",13101,4315,0.84726356766659,"5","5"
"cell_8","cell",12781,4384,1.86213911274548,"2","2"
"cell_9","cell",12676,3983,1.57778479015462,"2","2"
"cell_10","cell",12291,4111,1.07395655357579,"2","2"
"cell_11","cell",12216,4077,0.35199738048461,"1","1"
"cell_12","cell",12205,3959,1.18803768947153,"2","2"
"cell_13","cell",12160,3966,1.48026315789474,"2","2"
"cell_14","cell",11960,4262,0.250836120401338,"4","4"
"cell_15","cell",11890,4183,0.80740117746005,"2","2"
"cell_16","cell",11770,3941,0.271877655055225,"2","2"
"cell_17","cell",11657,3771,1.21815218323754,"0","0"
"cell_18","cell",11654,3773,0.257422344259482,"3","3"
"cell_19","cell",11644,3845,1.25386465132257,"1","1"
"cell_20","cell",11448,3963,1.58979734451433,"2","2"
"cell_21","cell",11361,3787,1.54035736290819,"2","2"
"cell_22","cell",11217,3591,1.95239368815191,"1","1"
"cell_23","cell",11222,3647,1.52379255034753,"4","4"
"cell_24","cell",11098,3489,0.639754910794738,"2","2"
"cell_25","cell",11083,3785,0.460164215465127,"2","2"
"cell_26","cell",10986,3651,0.582559621336246,"2","2"
"cell_27","cell",10979,3816,1.15675380271427,"1","1"
"cell_28","cell",10808,3832,0.971502590673575,"1","1"
"cell_29","cell",10769,3576,0.761444888104745,"2","2"
"cell_30","cell",10718,3454,0.429184549356223,"2","2"
"cell_31","cell",10665,3603,1.74402250351617,"2","2"
"cell_32","cell",10421,3687,0.211112177334229,"4","4"
"cell_33","cell",10341,3574,0.212745382458176,"2","2"
"cell_34","cell",10279,3413,0.165385737912248,"2","2"
"cell_35","cell",10278,3911,1.09943568787702,"0","0"
"cell_36","cell",10112,3723,4.74683544303798,"1","1"
"cell_37","cell",10095,3461,0.812283308568598,"2","2"
"cell_38","cell",10060,3372,0.467196819085487,"2","2"
"cell_39","cell",10027,3709,1.7452877231475,"2","2"
"cell_40","cell",10018,3804,0.608903972848872,"2","2"
"cell_41","cell",10003,3183,0.469859042287314,"0","0"
"cell_42","cell",9981,3479,0.470894699929867,"1","1"
"cell_43","cell",9935,3446,0.412682435832914,"2","2"
"cell_44","cell",9881,3791,0.232769962554397,"4","4"
"cell_45","cell",9860,3853,1.68356997971602,"1","1"
"cell_46","cell",9631,3461,0.166130204547814,"6","6"
"cell_47","cell",9608,3056,0.135303913405495,"0","0"
"cell_48","cell",9537,3385,0.51378840306176,"2","2"
"cell_49","cell",9559,3489,0.732294173030652,"1","1"
"cell_50","cell",9546,3384,0.796144982191494,"1","1"
"cell_51","cell",9504,3361,0.852272727272727,"2","2"
"cell_52","cell",9490,3338,0.821917808219178,"2","2"
"cell_53","cell",9351,3587,0.609560474815528,"2","2"
"cell_54","cell",9302,3238,2.71984519458181,"2","2"
"cell_55","cell",9261,3237,0.421120829284095,"1","1"
"cell_56","cell",9216,3231,0.347222222222222,"2","2"
"cell_57","cell",9219,3235,1.77893480854756,"6","6"
"cell_58","cell",9210,3534,1.10749185667752,"1","1"
"cell_59","cell",9135,3451,0.448823207443897,"1","1"
"cell_60","cell",9108,2965,2.18489240228371,"0","0"
"cell_61","cell",9055,3441,0.287134180011044,"2","2"
"cell_62","cell",9042,3527,1.7805795178058,"1","1"
"cell_63","cell",9035,3117,0.0774764803541782,"2","2"
"cell_64","cell",9003,3113,0.233255581472842,"2","2"
"cell_65","cell",8913,2988,1.50342196791204,"2","2"
"cell_66","cell",8855,3171,1.34387351778656,"2","2"
"cell_67","cell",8840,2864,0.282805429864253,"0","0"
"cell_68","cell",8784,3423,0.227686703096539,"4","4"
"cell_69","cell",8669,3374,2.20325297035414,"1","1"
"cell_70","cell",8663,2926,0.75031744199469,"2","2"
"cell_71","cell",8629,2915,2.15552207671804,"2","2"
"cell_72","cell",8561,3486,0.42051162247401,"4","4"
"cell_73","cell",8569,3454,1.08530750379274,"1","1"
"cell_74","cell",8569,3063,0.140039677908741,"0","0"
"cell_75","cell",8525,3052,2.01759530791789,"2","2"
"cell_76","cell",8443,3233,1.96612578467369,"2","2"
"cell_77","cell",8348,2718,1.05414470531864,"2","2"
"cell_78","cell",8261,3262,0.944195617963927,"2","2"
"cell_79","cell",8221,2996,2.23817053886389,"2","2"
"cell_80","cell",8130,3061,0.885608856088561,"1","1"
"cell_81","cell",8101,3098,0.172818170596223,"6","6"
"cell_82","cell",8021,2981,0.261812741553422,"1","1"
"cell_83","cell",7986,3356,0.112697220135237,"6","6"
"cell_84","cell",7980,2662,1.76691729323308,"0","0"
"cell_85","cell",7934,3177,1.10915049155533,"1","1"
"cell_86","cell",7926,3315,1.29952056522836,"6","6"
"cell_87","cell",7871,3233,1.53728878160335,"2","2"
"cell_88","cell",7841,2887,0.191302129830379,"0","0"
"cell_89","cell",7833,3223,0.574492531597089,"1","1"
"cell_90","cell",7795,3236,0.166773572803079,"1","1"
"cell_91","cell",7753,2879,0.193473494131304,"0","0"
"cell_92","cell",7722,3032,1.72235172235172,"2","2"
"cell_93","cell",7649,2799,0.183030461498235,"1","1"
"cell_94","cell",7634,2839,0.654964631909877,"2","2"
"cell_95","cell",7608,3533,0.223449001051525,"0","0"
"cell_96","cell",7613,3106,1.47116773939314,"6","6"
"cell_97","cell",7557,2424,0.529310572978695,"2","2"
"cell_98","cell",7539,3137,1.24684971481629,"4","4"
"cell_99","cell",7465,2809,0.200937709310114,"1","1"
"cell_100","cell",7384,2761,1.05633802816901,"2","2"
"cell_101","cell",7358,2674,0.597988583854308,"2","2"
"cell_102","cell",7348,3036,1.53783342406097,"1","1"
"cell_103","cell",7359,2831,0.760972958282375,"1","1"
"cell_104","cell",7321,2956,0.314164731594045,"0","0"
"cell_105","cell",7235,2948,0.359364201796821,"2","2"
"cell_106","cell",7234,2767,0.179706939452585,"2","2"
"cell_107","cell",7092,2912,0.0705019740552735,"1","1"
"cell_108","cell",7032,2506,0.0995449374288965,"3","3"
"cell_109","cell",6965,2880,0.904522613065327,"1","1"
"cell_110","cell",6953,2907,0.33079246368474,"2","2"
"cell_111","cell",6932,2964,0.634737449509521,"4","4"
"cell_112","cell",6912,2548,2.79224537037037,"3","3"
"cell_113","cell",6887,2922,1.49557136634238,"2","2"
"cell_114","cell",6821,2732,1.24615159067585,"2","2"
"cell_115","cell",6778,2756,0.663912658601357,"6","6"
"cell_116","cell",6777,2659,0.944370665486203,"2","2"
"cell_117","cell",6750,3187,0.948148148148148,"4","4"
"cell_118","cell",6749,2814,0.726033486442436,"1","1"
"cell_119","cell",6714,2985,0.253202263926124,"4","4"
"cell_120","cell",6648,2865,0.616726835138388,"4","4"
"cell_121","cell",6654,2714,0.616170724376315,"3","3"
"cell_122","cell",6667,2687,1.16994150292485,"2","2"
"cell_123","cell",6627,2739,0.3168854685378,"6","6"
"cell_124","cell",6606,2863,0.938540720557069,"1","1"
"cell_125","cell",6571,2317,0.121747070461117,"0","0"
"cell_126","cell",6557,2901,0.183010523105079,"1","1"
"cell_127","cell",6547,2267,1.13028868183901,"2","2"
"cell_128","cell",6517,3165,0.322234156820623,"4","4"
"cell_129","cell",6509,2840,0.414810262713166,"3","3"
"cell_130","cell",6523,2540,1.57902805457612,"2","2"
"cell_131","cell",6476,2912,0.555898702903027,"1","1"
"cell_132","cell",6429,2713,2.06875097215741,"1","1"
"cell_133","cell",6409,2933,0.48369480418162,"1","1"
"cell_134","cell",6397,2371,0.672190089104268,"4","4"
"cell_135","cell",6353,2820,2.66016055406894,"1","1"
"cell_136","cell",6350,2562,0.141732283464567,"1","1"
"cell_137","cell",6337,2584,0.362947767082216,"1","1"
"cell_138","cell",6330,2139,0.442338072669826,"2","2"
"cell_139","cell",6296,2223,0.698856416772554,"3","3"
"cell_140","cell",6293,2540,0.127125377403464,"3","3"
"cell_141","cell",6280,2673,1.0828025477707,"2","2"
"cell_142","cell",6269,2386,0.781623863455096,"3","3"
"cell_143","cell",6241,2474,0.304438391283448,"3","3"
"cell_144","cell",6222,2414,0.128576020572163,"0","0"
"cell_145","cell",6176,2309,2.94689119170984,"0","0"
"cell_146","cell",6178,2273,3.44771770799612,"2","2"
"cell_147","cell",6152,2638,0.373862158647594,"2","2"
"cell_148","cell",6141,2409,0.244259892525647,"3","3"
"cell_149","cell",6109,2621,0.0818464560484531,"5","5"
"cell_150","cell",6112,2862,0.834424083769634,"1","1"
"cell_151","cell",6048,2603,2.03373015873016,"1","1"
"cell_152","cell",6035,2568,0.165700082850041,"1","1"
"cell_153","cell",6038,2760,0.463729711825108,"1","1"
"cell_154","cell",6012,2269,1.96274118429807,"1","1"
"cell_155","cell",5998,2624,2.31743914638213,"1","1"
"cell_156","cell",5968,2524,0.56970509383378,"3","3"
"cell_157","cell",5925,2294,0.894514767932489,"4","4"
"cell_158","cell",5901,2582,1.55905778681579,"4","4"
"cell_159","cell",5910,2702,0.186125211505922,"2","2"
"cell_160","cell",5917,2616,1.96045293222917,"6","6"
"cell_161","cell",5887,2780,0.152879225411925,"1","1"
"cell_162","cell",5876,2227,0.442477876106195,"3","3"
"cell_163","cell",5870,2279,0.477001703577513,"0","0"
"cell_164","cell",5842,2026,0.701814447107155,"4","4"
"cell_165","cell",5815,2617,0.842648323301806,"4","4"
"cell_166","cell",5740,2330,1.56794425087108,"1","1"
"cell_167","cell",5723,2341,0.419360475275205,"2","2"
"cell_168","cell",5703,2187,0.718919866736805,"2","2"
"cell_169","cell",5693,2375,0.649920955559459,"1","1"
"cell_170","cell",5637,2309,0.585417775412453,"3","3"
"cell_171","cell",5602,2744,0.49982149232417,"2","2"
"cell_172","cell",5588,2195,0.501073729420186,"2","2"
"cell_173","cell",5569,2272,1.31082779673191,"1","1"
"cell_174","cell",5496,2573,0.600436681222707,"1","1"
"cell_175","cell",5522,2369,0.488953277797899,"1","1"
"cell_176","cell",5489,2451,1.56676990344325,"0","0"
"cell_177","cell",5488,2214,0.911078717201166,"2","2"
"cell_178","cell",5492,2367,1.16533139111435,"1","1"
"cell_179","cell",5401,2469,2.07369005739678,"1","1"
"cell_180","cell",5384,2272,0.854383358098068,"1","1"
"cell_181","cell",5342,2052,2.22763010108574,"2","2"
"cell_182","cell",5315,1950,0.827845719661336,"3","3"
"cell_183","cell",5285,2344,2.55439924314096,"0","0"
"cell_184","cell",5236,2881,0.229182582123759,"4","4"
"cell_185","cell",5249,2074,1.65745856353591,"0","0"
"cell_186","cell",5243,2320,0.400534045393859,"6","6"
"cell_187","cell",5237,2069,1.47030742791675,"2","2"
"cell_188","cell",5241,2222,0.992177065445526,"2","2"
"cell_189","cell",5233,2140,1.58608828587808,"0","0"
"cell_190","cell",5221,2222,2.1834897529209,"1","1"
"cell_191","cell",5217,2473,2.35767682576193,"1","1"
"cell_192","cell",5196,2111,0.750577367205543,"3","3"
"cell_193","cell",5209,2027,0.191975427145325,"0","0"
"cell_194","cell",5190,2580,0.963391136801541,"1","1"
"cell_195","cell",5170,2408,0.34816247582205,"2","2"
"cell_196","cell",5151,2074,0.52417006406523,"0","0"
"cell_197","cell",5140,2200,0.603112840466926,"1","1"
"cell_198","cell",5121,2500,1.05448154657293,"1","1"
"cell_199","cell",5086,2103,1.98584349193866,"2","2"
"cell_200","cell",5076,2351,0.591016548463357,"2","2"
"cell_201","cell",5086,2276,0.471883602044829,"1","1"
"cell_202","cell",5065,1855,0.868706811451135,"2","2"
"cell_203","cell",5062,1953,0.987751876728566,"0","0"
"cell_204","cell",5044,2007,1.50674068199841,"0","0"
"cell_205","cell",4982,2270,1.8667201926937,"1","1"
"cell_206","cell",4992,2171,1.50240384615385,"6","6"
"cell_207","cell",4923,2098,0.36563071297989,"3","3"
"cell_208","cell",4929,2383,1.90708054372084,"2","2"
"cell_209","cell",4913,2520,0.0610624872786485,"1","1"
"cell_210","cell",4907,2204,0.387201956388832,"1","1"
"cell_211","cell",4895,2150,2.55362614913177,"2","2"
"cell_212","cell",4889,1962,0.102270402945388,"4","4"
"cell_213","cell",4848,2040,0.433168316831683,"6","6"
"cell_214","cell",4858,2256,2.86125977768629,"1","1"
"cell_215","cell",4863,1907,0.801974090067859,"2","2"
"cell_216","cell",4846,2011,0.247626908790755,"2","2"
"cell_217","cell",4832,2248,0.827814569536424,"1","1"
"cell_218","cell",4801,1839,0.749843782545303,"1","1"
"cell_219","cell",4806,2127,2.51768622555139,"2","2"
"cell_220","cell",4804,2106,1.08243130724396,"3","3"
"cell_221","cell",4790,1894,0.626304801670146,"0","0"
"cell_222","cell",4792,2202,1.64858096828047,"2","2"
"cell_223","cell",4708,2393,0.849617672047579,"1","1"
"cell_224","cell",4667,2133,0.857081637025927,"2","2"
"cell_225","cell",4683,1921,2.30621396540679,"3","3"
"cell_226","cell",4679,2077,0.918999786279119,"2","2"
"cell_227","cell",4634,1931,0.474751834268451,"2","2"
"cell_228","cell",4638,2126,1.22897800776197,"1","1"
"cell_229","cell",4631,1947,0.0863744331677823,"3","3"
"cell_230","cell",4606,1969,0.759878419452888,"0","0"
"cell_231","cell",4587,2069,0.893830390233268,"2","2"
"cell_232","cell",4579,1933,0.52413190652981,"0","0"
"cell_233","cell",4575,2132,0.262295081967213,"6","6"
"cell_234","cell",4560,1886,1.64473684210526,"0","0"
"cell_235","cell",4563,2177,1.13960113960114,"2","2"
"cell_236","cell",4548,2102,0.483729111697449,"3","3"
"cell_237","cell",4548,1934,2.94635004397537,"0","0"
"cell_238","cell",4512,2242,0.221631205673759,"4","4"
"cell_239","cell",4539,1933,1.12359550561798,"3","3"
"cell_240","cell",4477,2315,0.424391333482243,"4","4"
"cell_241","cell",4447,2116,1.66404317517427,"6","6"
"cell_242","cell",4445,2031,1.77727784026997,"1","1"
"cell_243","cell",4436,2202,1.42019837691614,"1","1"
"cell_244","cell",4441,1893,2.94978608421527,"3","3"
"cell_245","cell",4440,1787,1.3963963963964,"2","2"
"cell_246","cell",4404,2008,0.476839237057221,"0","0"
"cell_247","cell",4396,1807,0.409463148316652,"0","0"
"cell_248","cell",4362,2348,1.21503897294819,"1","1"
"cell_249","cell",4364,1971,0.252062328139322,"3","3"
"cell_250","cell",4358,1787,0.550711335474989,"4","4"
"cell_251","cell",4347,2171,0.759144237405107,"1","1"
"cell_252","cell",4331,2171,0.484876471946433,"4","4"
"cell_253","cell",4336,1620,1.29151291512915,"3","3"
"cell_254","cell",4325,1910,0.393063583815029,"2","2"
"cell_255","cell",4264,1970,0.234521575984991,"6","6"
"cell_256","cell",4253,1755,1.95156360216318,"3","3"
"cell_257","cell",4217,2350,0.165994783021105,"1","1"
"cell_258","cell",4236,2066,0.944287063267233,"1","1"
"cell_259","cell",4196,1841,2.09723546234509,"3","3"
"cell_260","cell",4177,1811,0.406990663155375,"2","2"
"cell_261","cell",4172,1874,1.05465004793864,"1","1"
"cell_262","cell",4165,1716,0.480192076830732,"3","3"
"cell_263","cell",4160,2028,0.480769230769231,"3","3"
"cell_264","cell",4161,1887,2.13890891612593,"2","2"
"cell_265","cell",4149,1706,1.27741624487828,"0","0"
"cell_266","cell",4158,1994,1.2987012987013,"2","2"
"cell_267","cell",4143,2155,0.120685493603669,"1","1"
"cell_268","cell",4155,1678,2.16606498194946,"2","2"
"cell_269","cell",4155,1930,1.17930204572804,"3","3"
"cell_270","cell",4131,2109,0.702009198741225,"1","1"
"cell_271","cell",4117,2094,0.388632499392762,"2","2"
"cell_272","cell",4114,2106,3.13563441905688,"1","1"
"cell_273","cell",4112,1812,1.60505836575875,"4","4"
"cell_274","cell",4081,2087,0.294045577064445,"2","2"
"cell_275","cell",4085,1789,1.95838433292534,"0","0"
"cell_276","cell",4073,1814,2.94623127915541,"3","3"
"cell_277","cell",4064,2012,0.492125984251969,"1","1"
"cell_278","cell",4043,1795,0.346277516695523,"3","3"
"cell_279","cell",4040,1790,0.594059405940594,"4","4"
"cell_280","cell",4036,1379,1.2388503468781,"2","2"
"cell_281","cell",4035,1574,0.297397769516729,"3","3"
"cell_282","cell",4028,1944,0.248262164846077,"1","1"
"cell_283","cell",4018,1783,1.56794425087108,"0","0"
"cell_284","cell",4023,2262,0.944568729803629,"1","1"
"cell_285","cell",4008,2166,0.374251497005988,"1","1"
"cell_286","cell",4021,2027,1.29321064411838,"1","1"
"cell_287","cell",4021,1901,1.76572991793086,"1","1"
"cell_288","cell",4024,2098,0.497017892644135,"1","1"
"cell_289","cell",3993,1922,1.57776108189331,"0","0"
"cell_290","cell",3958,1757,1.11167256189995,"3","3"
"cell_291","cell",3971,1911,1.38504155124654,"2","2"
"cell_292","cell",3953,1635,0.455350366810018,"2","2"
"cell_293","cell",3943,1792,0.81156479837687,"3","3"
"cell_294","cell",3930,2077,0.661577608142494,"1","1"
"cell_295","cell",3910,1913,0.869565217391304,"2","2"
"cell_296","cell",3903,2029,2.20343325646938,"6","6"
"cell_297","cell",3895,1861,0.821566110397946,"1","1"
"cell_298","cell",3864,1704,0.67287784679089,"0","0"
"cell_299","cell",3864,1841,1.00931677018634,"3","3"
"cell_300","cell",3847,1668,1.22173121913179,"2","2"
"cell_301","cell",3845,1898,0.182054616384915,"1","1"
"cell_302","cell",3836,1750,1.3555787278415,"5","5"
"cell_303","cell",3840,1641,1.43229166666667,"0","0"
"cell_304","cell",3794,1908,1.18608328940432,"6","6"
"cell_305","cell",3795,1757,0.737812911725955,"0","0"
"cell_306","cell",3783,1918,2.72270684641819,"1","1"
"cell_307","cell",3768,1564,0.477707006369427,"0","0"
"cell_308","cell",3760,1932,0.984042553191489,"1","1"
"cell_309","cell",3745,1950,0.0801068090787717,"1","1"
"cell_310","cell",3710,2055,0.970350404312669,"4","4"
"cell_311","cell",3724,1716,1.63802363050483,"0","0"
"cell_312","cell",3724,1673,0.161117078410312,"0","0"
"cell_313","cell",3721,1587,2.12308519215265,"0","0"
"cell_314","cell",3690,1456,0.24390243902439,"3","3"
"cell_315","cell",3684,1824,1.24864277958741,"0","0"
"cell_316","cell",3674,1896,1.14316820903647,"0","0"
"cell_317","cell",3675,1315,0.571428571428571,"2","2"
"cell_318","cell",3672,1585,0.462962962962963,"4","4"
"cell_319","cell",3669,1802,1.33551376396838,"2","2"
"cell_320","cell",3659,1926,0.874555889587319,"1","1"
"cell_321","cell",3652,1714,0.246440306681271,"3","3"
"cell_322","cell",3651,1606,1.91728293618187,"2","2"
"cell_323","cell",3647,1656,1.04195228955306,"0","0"
"cell_324","cell",3628,1540,0.137816979051819,"4","4"
"cell_325","cell",3616,1764,2.10176991150442,"0","0"
"cell_326","cell",3613,2067,0.498200941046222,"1","1"
"cell_327","cell",3592,1739,0.306236080178174,"0","0"
"cell_328","cell",3598,1635,0.361311839911062,"4","4"
"cell_329","cell",3593,1501,0.139159476760367,"0","0"
"cell_330","cell",3596,1770,0.583982202447164,"2","2"
"cell_331","cell",3582,1629,0.0837520938023451,"6","6"
"cell_332","cell",3571,1794,1.12013441612994,"0","0"
"cell_333","cell",3569,1783,1.79321938918465,"2","2"
"cell_334","cell",3567,1576,0.47659097280628,"2","2"
"cell_335","cell",3548,1729,0.140924464487035,"6","6"
"cell_336","cell",3536,1807,0.197963800904977,"0","0"
"cell_337","cell",3541,1704,1.58147415984185,"0","0"
"cell_338","cell",3520,1799,2.1875,"0","0"
"cell_339","cell",3512,1848,1.62300683371298,"0","0"
"cell_340","cell",3506,1926,0.741585852823731,"1","1"
"cell_341","cell",3484,1693,3.04247990815155,"2","2"
"cell_342","cell",3485,1577,1.34863701578192,"0","0"
"cell_343","cell",3463,1556,2.65665607854461,"0","0"
"cell_344","cell",3455,1813,0.115774240231548,"1","1"
"cell_345","cell",3459,1666,1.93697600462561,"1","1"
"cell_346","cell",3458,1700,0.433776749566223,"6","6"
"cell_347","cell",3431,2054,0.932672690177791,"4","4"
"cell_348","cell",3432,1678,1.22377622377622,"0","0"
"cell_349","cell",3402,2010,0.146972369194591,"6","6"
"cell_350","cell",3406,1870,1.73223722842043,"2","2"
"cell_351","cell",3391,1984,0.294898260100265,"1","1"
"cell_352","cell",3383,1592,0.857227313035767,"0","0"
"cell_353","cell",3382,1608,0.443524541691307,"2","2"
"cell_354","cell",3351,1543,0.328260220829603,"0","0"
"cell_355","cell",3343,1569,0.0598265031408914,"4","4"
"cell_356","cell",3343,1444,0.0299132515704457,"0","0"
"cell_357","cell",3347,1631,1.16522258739169,"1","1"
"cell_358","cell",3333,1565,3.09030903090309,"0","0"
"cell_359","cell",3327,1618,0.36068530207394,"2","2"
"cell_360","cell",3338,1581,1.2282804074296,"0","0"
"cell_361","cell",3294,1579,0.910746812386157,"3","3"
"cell_362","cell",3292,1981,0.394896719319563,"4","4"
"cell_363","cell",3285,1547,0.334855403348554,"3","3"
"cell_364","cell",3272,1402,0.733496332518337,"0","0"
"cell_365","cell",3281,1555,1.03626943005181,"3","3"
"cell_366","cell",3275,1620,0.854961832061069,"2","2"
"cell_367","cell",3271,1432,0.275145215530419,"4","4"
"cell_368","cell",3274,1515,1.46609651802077,"0","0"
"cell_369","cell",3263,1584,0.245173153539687,"2","2"
"cell_370","cell",3251,1759,1.23039064903107,"0","0"
"cell_371","cell",3243,1579,0.339192106074622,"0","0"
"cell_372","cell",3233,1385,0.55675842870399,"4","4"
"cell_373","cell",3235,1545,0.401854714064915,"0","0"
"cell_374","cell",3229,1543,0.557448126354909,"0","0"
"cell_375","cell",3210,1635,0.43613707165109,"4","4"
"cell_376","cell",3211,1990,0.218000622858922,"1","1"
"cell_377","cell",3210,1689,1.21495327102804,"2","2"
"cell_378","cell",3208,1401,0.810473815461347,"3","3"
"cell_379","cell",3217,1493,2.7976375505129,"0","0"
"cell_380","cell",3216,1501,0.497512437810945,"0","0"
"cell_381","cell",3203,1585,0.593193880736809,"2","2"
"cell_382","cell",3194,1506,0.250469630557295,"3","3"
"cell_383","cell",3175,1718,0.283464566929134,"0","0"
"cell_384","cell",3185,1862,0.188383045525903,"1","1"
"cell_385","cell",3156,1388,2.50316856780735,"0","0"
"cell_386","cell",3151,1515,0.507775309425579,"3","3"
"cell_387","cell",3147,1418,0.985065141404512,"0","0"
"cell_388","cell",3143,1623,1.36811963092587,"1","1"
"cell_389","cell",3123,1404,0.416266410502722,"4","4"
"cell_390","cell",3117,1768,1.28328521013795,"2","2"
"cell_391","cell",3122,1581,2.04996796925048,"2","2"
"cell_392","cell",3117,1622,0.320821302534488,"6","6"
"cell_393","cell",3115,1499,1.28410914927769,"2","2"
"cell_394","cell",3106,1687,0.611719253058596,"1","1"
"cell_395","cell",3074,1416,1.33376707872479,"2","2"
"cell_396","cell",3074,1481,3.67599219258295,"3","3"
"cell_397","cell",3077,1615,0.389990250243744,"1","1"
"cell_398","cell",3073,1555,1.62707452001302,"1","1"
"cell_399","cell",3060,1596,0.620915032679739,"2","2"
"cell_400","cell",3038,1546,0.362080315997367,"2","2"
"cell_401","cell",3022,1244,0.231634679020516,"4","4"
"cell_402","cell",3019,1497,2.21927790659159,"0","0"
"cell_403","cell",3011,1392,0.498173364330787,"0","0"
"cell_404","cell",2998,1407,0.433622414943296,"1","1"
"cell_405","cell",2996,1390,0.133511348464619,"0","0"
"cell_406","cell",2988,1422,0.401606425702811,"4","4"
"cell_407","cell",2986,1490,1.60750167448091,"0","0"
"cell_408","cell",2971,1341,0.403904409289801,"3","3"
"cell_409","cell",2967,1539,0.0337040781934614,"6","6"
"cell_410","cell",2961,1679,2.93819655521783,"1","1"
"cell_411","cell",2955,1485,1.28595600676819,"0","0"
"cell_412","cell",2945,1437,0.98471986417657,"3","3"
"cell_413","cell",2945,1480,1.66383701188455,"1","1"
"cell_414","cell",2945,1499,4.07470288624788,"1","1"
"cell_415","cell",2928,1433,0.853825136612022,"0","0"
"cell_416","cell",2921,1631,1.06128038343033,"5","5"
"cell_417","cell",2923,1254,1.50530277112556,"1","1"
"cell_418","cell",2914,1527,1.13246396705559,"1","1"
"cell_419","cell",2921,1492,0.239643957548785,"0","0"
"cell_420","cell",2911,1359,0.274819649604947,"3","3"
"cell_421","cell",2898,1494,0,"6","6"
"cell_422","cell",2884,1487,4.85436893203883,"1","1"
"cell_423","cell",2870,1500,2.02090592334495,"2","2"
"cell_424","cell",2863,1285,0.873209919664687,"3","3"
"cell_425","cell",2855,1465,4.09807355516637,"2","2"
"cell_426","cell",2852,1315,0.420757363253857,"4","4"
"cell_427","cell",2812,1836,0.497866287339972,"4","4"
"cell_428","cell",2834,1557,1.05857445306987,"2","2"
"cell_429","cell",2819,1695,0.141894288754878,"4","4"
"cell_430","cell",2824,1638,0.318696883852691,"4","4"
"cell_431","cell",2823,1495,2.26709174636911,"0","0"
"cell_432","cell",2816,1294,0.887784090909091,"0","0"
"cell_433","cell",2815,1466,1.3854351687389,"0","0"
"cell_434","cell",2798,1555,2.14438884917798,"1","1"
"cell_435","cell",2804,1429,0,"6","6"
"cell_436","cell",2793,1333,1.14572144647333,"3","3"
"cell_437","cell",2795,1314,1.86046511627907,"0","0"
"cell_438","cell",2781,1347,0.898957209636821,"3","3"
"cell_439","cell",2777,1482,0.936262153402953,"6","6"
"cell_440","cell",2779,1361,0.899604174163368,"0","0"
"cell_441","cell",2769,1411,0.25279884434814,"4","4"
"cell_442","cell",2775,1407,0.144144144144144,"0","0"
"cell_443","cell",2772,1381,1.94805194805195,"0","0"
"cell_444","cell",2747,1800,0.764470331270477,"4","4"
"cell_445","cell",2768,1218,1.6257225433526,"5","5"
"cell_446","cell",2769,1362,0.902853015529072,"0","0"
"cell_447","cell",2766,1480,0.93998553868402,"0","0"
"cell_448","cell",2738,1407,1.93571950328707,"0","0"
"cell_449","cell",2742,1543,0.911743253099927,"1","1"
"cell_450","cell",2732,1338,4.79502196193265,"1","1"
"cell_451","cell",2725,1152,0.403669724770642,"5","5"
"cell_452","cell",2722,1398,0.551065393093314,"2","2"
"cell_453","cell",2695,1551,0.556586270871985,"1","1"
"cell_454","cell",2698,1395,1.85322461082283,"0","0"
"cell_455","cell",2677,1340,0.560328726186029,"3","3"
"cell_456","cell",2670,1540,0.187265917602996,"1","1"
"cell_457","cell",2664,1220,1.23873873873874,"2","2"
"cell_458","cell",2652,1538,0.301659125188537,"4","4"
"cell_459","cell",2660,1291,1.99248120300752,"3","3"
"cell_460","cell",2665,1412,3.18949343339587,"2","2"
"cell_461","cell",2658,1307,0.451467268623025,"4","4"
"cell_462","cell",2652,1483,1.01809954751131,"2","2"
"cell_463","cell",2649,1406,1.58550396375991,"3","3"
"cell_464","cell",2641,1439,0.719424460431655,"1","1"
"cell_465","cell",2630,1379,0.684410646387833,"1","1"
"cell_466","cell",2624,1620,0.266768292682927,"1","1"
"cell_467","cell",2627,1239,0.304529881994671,"3","3"
"cell_468","cell",2616,1289,2.17889908256881,"3","3"
"cell_469","cell",2614,1427,3.40474368783474,"1","1"
"cell_470","cell",2614,1421,0.0765110941086457,"3","3"
"cell_471","cell",2609,1374,0.153315446531238,"2","2"
"cell_472","cell",2604,1291,0.422427035330261,"0","0"
"cell_473","cell",2602,1299,1.65257494235204,"0","0"
"cell_474","cell",2599,1278,0.846479415159677,"2","2"
"cell_475","cell",2582,1300,1.16189000774593,"2","2"
"cell_476","cell",2561,1196,0.312377977352597,"4","4"
"cell_477","cell",2574,1284,2.29215229215229,"2","2"
"cell_478","cell",2567,1234,1.16867939228672,"2","2"
"cell_479","cell",2559,1290,2.2274325908558,"2","2"
"cell_480","cell",2563,1253,0.117050331642606,"3","3"
"cell_481","cell",2552,1286,1.09717868338558,"0","0"
"cell_482","cell",2535,1145,0.591715976331361,"0","0"
"cell_483","cell",2524,1554,0.990491283676704,"6","6"
"cell_484","cell",2531,1449,1.22481232714342,"2","2"
"cell_485","cell",2509,1426,0.557991231566361,"1","1"
"cell_486","cell",2517,1278,0.238379022646007,"3","3"
"cell_487","cell",2510,1321,0.438247011952191,"3","3"
"cell_488","cell",2506,1486,0.638467677573823,"1","1"
"cell_489","cell",2505,1224,3.1936127744511,"3","3"
"cell_490","cell",2489,1483,3.41502611490558,"5","5"
"cell_491","cell",2498,1235,1.40112089671737,"3","3"
"cell_492","cell",2492,1228,1.92616372391653,"5","5"
"cell_493","cell",2488,1548,0.120578778135048,"4","4"
"cell_494","cell",2474,1268,0.727566693613581,"0","0"
"cell_495","cell",2485,1383,0.201207243460765,"4","4"
"cell_496","cell",2482,1282,0.56406124093473,"0","0"
"cell_497","cell",2476,1268,0.0807754442649435,"0","0"
"cell_498","cell",2475,1228,2.02020202020202,"0","0"
"cell_499","cell",2476,1251,2.18093699515347,"1","1"
"cell_500","cell",2456,1158,0.651465798045603,"2","2"
"cell_501","cell",2465,1305,0.973630831643002,"0","0"
"cell_502","cell",2454,1384,0.0407497962510187,"3","3"
"cell_503","cell",2452,1394,0.570962479608483,"1","1"
"cell_504","cell",2430,1298,1.11111111111111,"5","5"
"cell_505","cell",2437,1205,0.45137464095199,"0","0"
"cell_506","cell",2445,1334,1.43149284253579,"4","4"
"cell_507","cell",2438,1284,0.0820344544708778,"0","0"
"cell_508","cell",2437,1158,0.369306524415265,"3","3"
"cell_509","cell",2432,1286,0.740131578947368,"3","3"
"cell_510","cell",2418,1190,0.372208436724566,"0","0"
"cell_511","cell",2400,1461,0.583333333333333,"4","4"
"cell_512","cell",2411,1217,1.99087515553712,"0","0"
"cell_513","cell",2399,1319,0.333472280116715,"1","1"
"cell_514","cell",2401,1114,0.41649312786339,"4","4"
"cell_515","cell",2384,1158,0.293624161073825,"4","4"
"cell_516","cell",2359,1259,0.381517592200085,"4","4"
"cell_517","cell",2350,1270,0.297872340425532,"4","4"
"cell_518","cell",2346,1278,1.61977834612106,"0","0"
"cell_519","cell",2340,1256,2.30769230769231,"0","0"
"cell_520","cell",2337,1084,0.855798031664527,"4","4"
"cell_521","cell",2334,1190,0.171379605826907,"0","0"
"cell_522","cell",2329,1350,0.47230571060541,"1","1"
"cell_523","cell",2327,1079,0.0429737859905458,"4","4"
"cell_524","cell",2320,1299,0.258620689655172,"6","6"
"cell_525","cell",2312,1218,1.77335640138408,"1","1"
"cell_526","cell",2292,1182,1.43979057591623,"5","5"
"cell_527","cell",2300,1242,0.130434782608696,"2","2"
"cell_528","cell",2282,1377,0.131463628396144,"1","1"
"cell_529","cell",2285,1129,0.700218818380744,"2","2"
"cell_530","cell",2270,1115,0.748898678414097,"5","5"
"cell_531","cell",2277,1225,0.131752305665349,"0","0"
"cell_532","cell",2276,1186,1.5377855887522,"1","1"
"cell_533","cell",2277,1108,2.45937637241985,"2","2"
"cell_534","cell",2275,1326,2.28571428571429,"3","3"
"cell_535","cell",2268,1096,1.32275132275132,"0","0"
"cell_536","cell",2265,1142,0.309050772626932,"4","4"
"cell_537","cell",2256,1280,0.132978723404255,"1","1"
"cell_538","cell",2242,1180,2.05173951828724,"2","2"
"cell_539","cell",2242,1113,2.05173951828724,"0","0"
"cell_540","cell",2243,1144,3.29915292019617,"3","3"
"cell_541","cell",2233,1288,0.985221674876847,"3","3"
"cell_542","cell",2230,1055,2.51121076233184,"3","3"
"cell_543","cell",2225,1198,0.314606741573034,"0","0"
"cell_544","cell",2222,1151,2.11521152115212,"5","5"
"cell_545","cell",2210,1167,0.180995475113122,"3","3"
"cell_546","cell",2214,1287,0.49683830171635,"1","1"
"cell_547","cell",2211,1358,0.361827227498869,"1","1"
"cell_548","cell",2208,1344,2.21920289855072,"1","1"
"cell_549","cell",2207,1055,1.81241504304486,"0","0"
"cell_550","cell",2199,1161,1.27330604820373,"2","2"
"cell_551","cell",2199,1219,0.500227376080036,"3","3"
"cell_552","cell",2181,1149,1.19211370930766,"3","3"
"cell_553","cell",2170,1514,0.32258064516129,"4","4"
"cell_554","cell",2162,1261,1.29509713228492,"2","2"
"cell_555","cell",2137,1205,0.187178287318671,"3","3"
"cell_556","cell",2163,1145,0.832177531206657,"2","2"
"cell_557","cell",2151,1052,0.511390051139005,"3","3"
"cell_558","cell",2144,1114,0.652985074626866,"4","4"
"cell_559","cell",2145,1299,0.13986013986014,"6","6"
"cell_560","cell",2146,1161,2.74930102516309,"0","0"
"cell_561","cell",2147,1210,0.139729855612483,"0","0"
"cell_562","cell",2134,1176,0.0468603561387067,"3","3"
"cell_563","cell",2137,1226,0.327562002807674,"2","2"
"cell_564","cell",2132,1130,1.54784240150094,"3","3"
"cell_565","cell",2128,1416,0.798872180451128,"4","4"
"cell_566","cell",2122,1295,1.22525918944392,"1","1"
"cell_567","cell",2115,1038,0.378250591016548,"2","2"
"cell_568","cell",2109,967,2.79753437648175,"2","2"
"cell_569","cell",2113,917,0.236630383341221,"4","4"
"cell_570","cell",2105,1068,0.237529691211401,"4","4"
"cell_571","cell",2098,1012,0.0476644423260248,"5","5"
"cell_572","cell",2096,1078,0.572519083969466,"0","0"
"cell_573","cell",2084,971,0.671785028790787,"4","4"
"cell_574","cell",2091,1033,0.286944045911047,"2","2"
"cell_575","cell",2066,1094,0.290416263310745,"0","0"
"cell_576","cell",2069,1087,0.531657805703238,"0","0"
"cell_577","cell",2065,1184,1.54963680387409,"1","1"
"cell_578","cell",2050,1390,0.731707317073171,"4","4"
"cell_579","cell",2046,1214,1.27077223851417,"3","3"
"cell_580","cell",2034,1105,0.344149459193707,"5","5"
"cell_581","cell",2030,1061,3.00492610837438,"1","1"
"cell_582","cell",2030,1094,0.295566502463054,"4","4"
"cell_583","cell",2036,998,0.785854616895874,"0","0"
"cell_584","cell",2011,1162,0.447538538040776,"5","5"
"cell_585","cell",2009,1080,0.0497760079641613,"3","3"
"cell_586","cell",2024,1044,0.691699604743083,"0","0"
"cell_587","cell",2011,1201,0.497265042267529,"5","5"
"cell_588","cell",2016,1200,0.297619047619048,"1","1"
"cell_589","cell",2017,1228,0.991571641051066,"1","1"
"cell_590","cell",2013,1234,1.53999006458023,"4","4"
"cell_591","cell",2011,1185,0.745897563401293,"1","1"
"cell_592","cell",2006,1111,0.897308075772682,"3","3"
"cell_593","cell",2010,1090,1.24378109452736,"3","3"
"cell_594","cell",2004,1076,2.24550898203593,"3","3"
"cell_595","cell",2000,1001,0.9,"4","4"
"cell_596","cell",1990,1074,1.30653266331658,"0","0"
"cell_597","cell",1991,1029,1.80813661476645,"3","3"
"cell_598","cell",1990,1020,0.351758793969849,"1","1"
"cell_599","cell",1983,975,0.100857286938981,"4","4"
"cell_600","cell",1984,892,1.00806451612903,"0","0"
"cell_601","cell",1970,1099,1.37055837563452,"2","2"
"cell_602","cell",1976,1115,0.657894736842105,"0","0"
"cell_603","cell",1966,1053,1.7293997965412,"3","3"
"cell_604","cell",1963,1079,0.967906265919511,"2","2"
"cell_605","cell",1964,1182,1.27291242362525,"1","1"
"cell_606","cell",1952,1052,2.15163934426229,"3","3"
"cell_607","cell",1951,1098,2.25525371604305,"3","3"
"cell_608","cell",1950,1039,0.923076923076923,"0","0"
"cell_609","cell",1948,1028,0.872689938398357,"1","1"
"cell_610","cell",1944,968,1.440329218107,"0","0"
"cell_611","cell",1941,1017,0.721277691911386,"3","3"
"cell_612","cell",1936,1073,0.516528925619835,"0","0"
"cell_613","cell",1929,1162,1.96993260756869,"1","1"
"cell_614","cell",1919,993,0.156331422615946,"4","4"
"cell_615","cell",1916,1192,1.04384133611691,"4","4"
"cell_616","cell",1916,1076,0.782881002087683,"3","3"
"cell_617","cell",1916,998,0.730688935281837,"4","4"
"cell_618","cell",1911,1047,0.366300366300366,"0","0"
"cell_619","cell",1906,1005,1.10178384050367,"3","3"
"cell_620","cell",1898,1186,0.316122233930453,"4","4"
"cell_621","cell",1890,961,0.211640211640212,"0","0"
"cell_622","cell",1870,1019,0.588235294117647,"0","0"
"cell_623","cell",1867,1086,0.749866095340118,"0","0"
"cell_624","cell",1862,875,0.0537056928034372,"3","3"
"cell_625","cell",1858,1097,0.484391819160388,"6","6"
"cell_626","cell",1856,1026,0.700431034482759,"0","0"
"cell_627","cell",1842,1157,0.1085776330076,"1","1"
"cell_628","cell",1849,950,0.703082747431044,"3","3"
"cell_629","cell",1851,946,0.486223662884927,"2","2"
"cell_630","cell",1851,953,2.75526742301459,"3","3"
"cell_631","cell",1847,973,1.51597184623714,"1","1"
"cell_632","cell",1844,1005,3.19956616052061,"2","2"
"cell_633","cell",1835,952,0.817438692098093,"1","1"
"cell_634","cell",1836,834,0.871459694989107,"3","3"
"cell_635","cell",1830,985,0.819672131147541,"4","4"
"cell_636","cell",1821,1119,0.109829763866008,"1","1"
"cell_637","cell",1822,1102,0.603732162458836,"2","2"
"cell_639","cell",1821,1054,2.08676551345415,"2","2"
"cell_640","cell",1818,1123,2.2002200220022,"4","4"
"cell_641","cell",1813,1074,0.551571980143409,"0","0"
"cell_642","cell",1817,1108,0.275178866263071,"0","0"
"cell_643","cell",1816,1016,0.495594713656388,"4","4"
"cell_644","cell",1806,931,1.38427464008859,"3","3"
"cell_645","cell",1792,982,4.24107142857143,"2","2"
"cell_646","cell",1787,1035,1.00727476217124,"1","1"
"cell_647","cell",1775,1028,1.57746478873239,"0","0"
"cell_648","cell",1757,1251,0,"4","4"
"cell_650","cell",1757,1024,2.21969265793967,"2","2"
"cell_651","cell",1754,898,1.88141391106043,"3","3"
"cell_652","cell",1753,1021,1.65430690245294,"0","0"
"cell_653","cell",1751,974,0.913763563677898,"1","1"
"cell_654","cell",1748,906,0.11441647597254,"0","0"
"cell_655","cell",1750,973,0.171428571428571,"0","0"
"cell_656","cell",1746,1042,1.08820160366552,"0","0"
"cell_657","cell",1745,830,1.89111747851003,"3","3"
"cell_658","cell",1735,970,0.806916426512968,"2","2"
"cell_659","cell",1733,871,0,"2","2"
"cell_660","cell",1734,955,0.865051903114187,"0","0"
"cell_661","cell",1729,981,0.289184499710816,"0","0"
"cell_662","cell",1726,920,2.43337195828505,"3","3"
"cell_663","cell",1725,929,2.31884057971015,"2","2"
"cell_664","cell",1723,917,0.754497968659315,"2","2"
"cell_665","cell",1717,1104,1.45602795573675,"4","4"
"cell_666","cell",1700,1154,0.117647058823529,"4","4"
"cell_667","cell",1693,1069,0.413467217956291,"2","2"
"cell_668","cell",1681,1138,0.475907198096371,"4","4"
"cell_669","cell",1679,882,0.893388921977368,"1","1"
"cell_670","cell",1682,1025,0.416171224732461,"1","1"
"cell_671","cell",1681,1013,1.07079119571684,"1","1"
"cell_672","cell",1679,863,1.42942227516379,"3","3"
"cell_673","cell",1679,962,0.595592614651578,"6","6"
"cell_674","cell",1676,1080,2.50596658711217,"1","1"
"cell_675","cell",1677,933,2.08706022659511,"0","0"
"cell_676","cell",1673,948,1.49432157800359,"3","3"
"cell_677","cell",1671,950,0.957510472770796,"0","0"
"cell_678","cell",1665,993,1.32132132132132,"4","4"
"cell_679","cell",1653,991,4.29522081064731,"5","5"
"cell_680","cell",1657,1093,0.362100181050091,"1","1"
"cell_681","cell",1646,1150,0.0607533414337789,"1","1"
"cell_682","cell",1648,893,2.00242718446602,"0","0"
"cell_683","cell",1642,965,0.791717417783191,"0","0"
"cell_684","cell",1639,976,0.183038438071995,"5","5"
"cell_685","cell",1636,891,1.40586797066015,"4","4"
"cell_686","cell",1630,953,0.858895705521472,"2","2"
"cell_687","cell",1628,761,0.614250614250614,"4","4"
"cell_688","cell",1619,913,1.05003088326127,"0","0"
"cell_689","cell",1618,963,0.618046971569839,"2","2"
"cell_690","cell",1618,810,2.84301606922126,"0","0"
"cell_691","cell",1618,949,0.185414091470952,"3","3"
"cell_692","cell",1612,879,0.930521091811414,"0","0"
"cell_693","cell",1607,860,0.560049782202863,"0","0"
"cell_694","cell",1609,1044,0,"4","4"
"cell_695","cell",1604,894,3.42892768079801,"1","1"
"cell_696","cell",1605,742,1.99376947040498,"2","2"
"cell_697","cell",1604,867,0.249376558603491,"3","3"
"cell_698","cell",1591,921,0,"5","5"
"cell_699","cell",1598,869,1.68961201501877,"2","2"
"cell_700","cell",1596,756,0.81453634085213,"2","2"
"cell_701","cell",1593,899,0.313873195229127,"0","0"
"cell_702","cell",1594,964,1.69385194479297,"0","0"
"cell_703","cell",1593,895,0.376647834274953,"2","2"
"cell_704","cell",1579,891,0.569981000633312,"0","0"
"cell_705","cell",1573,856,0.508582326764145,"3","3"
"cell_706","cell",1575,992,0.698412698412698,"1","1"
"cell_707","cell",1565,856,2.81150159744409,"5","5"
"cell_708","cell",1572,880,2.67175572519084,"3","3"
"cell_709","cell",1568,977,0.318877551020408,"6","6"
"cell_710","cell",1559,852,3.39961513790892,"3","3"
"cell_711","cell",1556,910,2.12082262210797,"0","0"
"cell_712","cell",1557,899,0.770712909441233,"4","4"
"cell_713","cell",1547,827,0.323206205559147,"2","2"
"cell_714","cell",1545,806,0.776699029126214,"3","3"
"cell_715","cell",1532,859,0.97911227154047,"0","0"
"cell_716","cell",1530,795,0.130718954248366,"0","0"
"cell_717","cell",1524,888,0.853018372703412,"0","0"
"cell_718","cell",1521,997,4.99671268902038,"2","2"
"cell_719","cell",1518,823,0.658761528326746,"3","3"
"cell_720","cell",1519,836,0.658327847267939,"0","0"
"cell_721","cell",1524,819,0.328083989501312,"0","0"
"cell_722","cell",1513,867,2.57766027759418,"3","3"
"cell_723","cell",1518,1016,1.71277997364954,"1","1"
"cell_724","cell",1505,942,1.32890365448505,"5","5"
"cell_725","cell",1512,924,2.64550264550265,"2","2"
"cell_726","cell",1509,813,0.0662690523525514,"3","3"
"cell_727","cell",1510,839,0.993377483443709,"1","1"
"cell_728","cell",1508,874,3.38196286472149,"1","1"
"cell_729","cell",1502,885,1.33155792276964,"3","3"
"cell_730","cell",1502,854,2.26364846870839,"3","3"
"cell_731","cell",1504,894,0.199468085106383,"4","4"
"cell_732","cell",1495,867,1.20401337792642,"3","3"
"cell_733","cell",1488,703,0.604838709677419,"3","3"
"cell_734","cell",1486,952,1.74966352624495,"2","2"
"cell_735","cell",1486,903,1.21130551816958,"5","5"
"cell_736","cell",1484,738,0.134770889487871,"4","4"
"cell_737","cell",1474,832,1.62822252374491,"3","3"
"cell_738","cell",1477,765,0.2031144211239,"3","3"
"cell_739","cell",1464,887,0.273224043715847,"1","1"
"cell_740","cell",1470,869,1.22448979591837,"4","4"
"cell_741","cell",1459,896,2.33036326250857,"5","5"
"cell_742","cell",1456,826,0.892857142857143,"4","4"
"cell_743","cell",1449,871,0.345065562456867,"0","0"
"cell_744","cell",1444,762,1.45429362880886,"3","3"
"cell_745","cell",1442,839,1.66435506241331,"0","0"
"cell_746","cell",1439,808,2.22376650451703,"3","3"
"cell_747","cell",1441,803,0.971547536433033,"0","0"
"cell_748","cell",1428,893,0.420168067226891,"2","2"
"cell_749","cell",1428,904,0.560224089635854,"1","1"
"cell_750","cell",1428,833,0.840336134453782,"4","4"
"cell_751","cell",1419,883,0.563777307963354,"4","4"
"cell_752","cell",1415,913,0.989399293286219,"1","1"
"cell_753","cell",1425,904,2.17543859649123,"4","4"
"cell_754","cell",1426,838,0.561009817671809,"0","0"
"cell_755","cell",1422,810,0.070323488045007,"4","4"
"cell_756","cell",1417,794,2.18772053634439,"0","0"
"cell_757","cell",1414,781,0.636492220650636,"0","0"
"cell_758","cell",1400,810,0.5,"3","3"
"cell_759","cell",1404,897,0.498575498575499,"2","2"
"cell_760","cell",1406,784,3.91180654338549,"0","0"
"cell_761","cell",1403,805,0.641482537419815,"3","3"
"cell_762","cell",1393,817,1.79468772433597,"0","0"
"cell_763","cell",1393,897,1.93826274228284,"2","2"
"cell_764","cell",1388,871,0.144092219020173,"5","5"
"cell_765","cell",1393,761,0.861450107681263,"2","2"
"cell_766","cell",1384,881,1.87861271676301,"5","5"
"cell_767","cell",1388,861,1.0806916426513,"3","3"
"cell_768","cell",1392,817,1.29310344827586,"5","5"
"cell_769","cell",1388,995,0.648414985590778,"1","1"
"cell_770","cell",1385,677,0.794223826714801,"4","4"
"cell_771","cell",1379,858,1.30529369108049,"5","5"
"cell_772","cell",1384,811,1.44508670520231,"3","3"
"cell_773","cell",1378,987,0.0725689404934688,"1","1"
"cell_774","cell",1379,665,2.53807106598985,"2","2"
"cell_775","cell",1378,831,0.725689404934688,"3","3"
"cell_776","cell",1375,866,0.727272727272727,"2","2"
"cell_777","cell",1377,737,0.363108206245461,"0","0"
"cell_778","cell",1368,871,1.53508771929825,"2","2"
"cell_779","cell",1367,785,0.365764447695684,"3","3"
"cell_780","cell",1364,821,1.24633431085044,"5","5"
"cell_781","cell",1357,791,0.957995578481945,"5","5"
"cell_782","cell",1359,782,0.956585724797645,"5","5"
"cell_783","cell",1360,770,0.661764705882353,"3","3"
"cell_784","cell",1359,760,2.79617365710081,"0","0"
"cell_785","cell",1356,861,1.03244837758112,"1","1"
"cell_786","cell",1355,761,2.50922509225092,"3","3"
"cell_787","cell",1358,802,0.368188512518409,"4","4"
"cell_788","cell",1353,890,4.58240946045824,"2","2"
"cell_789","cell",1346,861,0.817236255572065,"1","1"
"cell_790","cell",1348,847,1.40949554896142,"0","0"
"cell_791","cell",1345,919,0.371747211895911,"4","4"
"cell_792","cell",1345,847,1.18959107806691,"1","1"
"cell_793","cell",1346,852,1.33729569093611,"1","1"
"cell_794","cell",1340,789,0.970149253731343,"1","1"
"cell_795","cell",1346,850,0.965824665676077,"0","0"
"cell_796","cell",1341,791,1.04399701715138,"0","0"
"cell_797","cell",1341,704,2.75913497390007,"3","3"
"cell_798","cell",1340,719,1.49253731343284,"3","3"
"cell_799","cell",1339,916,0.224047796863331,"1","1"
"cell_800","cell",1336,863,2.39520958083832,"5","5"
"cell_801","cell",1336,790,2.32035928143713,"5","5"
"cell_802","cell",1326,743,0.452488687782805,"5","5"
"cell_803","cell",1326,823,0.904977375565611,"0","0"
"cell_804","cell",1324,776,0.453172205438067,"3","3"
"cell_805","cell",1321,739,0.454201362604088,"3","3"
"cell_806","cell",1318,787,0.986342943854325,"1","1"
"cell_807","cell",1317,803,1.82232346241458,"0","0"
"cell_808","cell",1320,790,1.81818181818182,"3","3"
"cell_809","cell",1318,717,1.51745068285281,"2","2"
"cell_810","cell",1317,695,0.835231586940015,"3","3"
"cell_811","cell",1312,816,0.533536585365854,"6","6"
"cell_812","cell",1302,804,0.998463901689708,"3","3"
"cell_813","cell",1303,863,0.844205679201842,"5","5"
"cell_814","cell",1298,783,0.231124807395994,"3","3"
"cell_815","cell",1294,760,1.08191653786708,"0","0"
"cell_816","cell",1289,844,1.08611326609775,"1","1"
"cell_817","cell",1284,671,3.81619937694704,"5","5"
"cell_818","cell",1281,696,1.24902419984387,"5","5"
"cell_819","cell",1285,727,2.17898832684825,"0","0"
"cell_820","cell",1276,759,1.8025078369906,"0","0"
"cell_821","cell",1269,717,2.0488573680063,"3","3"
"cell_822","cell",1270,730,0.31496062992126,"3","3"
"cell_823","cell",1271,678,0.0786782061369001,"3","3"
"cell_824","cell",1265,750,3.55731225296443,"0","0"
"cell_825","cell",1259,765,1.1119936457506,"3","3"
"cell_826","cell",1260,782,1.34920634920635,"1","1"
"cell_827","cell",1257,873,0.238663484486874,"4","4"
"cell_828","cell",1253,758,0.0798084596967279,"0","0"
"cell_829","cell",1249,839,0.160128102481986,"1","1"
"cell_830","cell",1253,792,1.51636073423783,"0","0"
"cell_831","cell",1249,730,2.40192153722978,"3","3"
"cell_832","cell",1251,733,0.479616306954436,"2","2"
"cell_833","cell",1252,731,0.718849840255591,"4","4"
"cell_834","cell",1233,831,2.91970802919708,"3","3"
"cell_835","cell",1232,719,2.11038961038961,"0","0"
"cell_836","cell",1227,736,0.570497147514263,"0","0"
"cell_837","cell",1227,760,1.46699266503667,"0","0"
"cell_838","cell",1222,774,0.490998363338789,"3","3"
"cell_839","cell",1219,851,2.62510254306809,"1","1"
"cell_840","cell",1221,797,1.14660114660115,"0","0"
"cell_841","cell",1212,1201,0.33003300330033,"3","3"
"cell_842","cell",1210,780,0.495867768595041,"4","4"
"cell_843","cell",1211,687,1.23864574731627,"3","3"
"cell_844","cell",1206,916,0.0829187396351575,"1","1"
"cell_845","cell",1202,730,1.08153078202995,"0","0"
"cell_846","cell",1200,714,1.58333333333333,"4","4"
"cell_847","cell",1203,762,4.32252701579385,"5","5"
"cell_848","cell",1199,607,0.166805671392827,"4","4"
"cell_849","cell",1202,766,1.41430948419301,"0","0"
"cell_850","cell",1193,766,0.922045264040235,"0","0"
"cell_851","cell",1200,640,0.5,"2","2"
"cell_852","cell",1195,700,1.17154811715481,"4","4"
"cell_853","cell",1189,706,1.93439865433137,"5","5"
"cell_854","cell",1188,746,0.336700336700337,"2","2"
"cell_855","cell",1186,728,1.68634064080944,"0","0"
"cell_856","cell",1185,859,0.337552742616034,"2","2"
"cell_857","cell",1182,700,2.28426395939086,"3","3"
"cell_858","cell",1180,760,3.05084745762712,"5","5"
"cell_859","cell",1181,775,0.931414055884843,"4","4"
"cell_860","cell",1177,745,0.169923534409516,"5","5"
"cell_861","cell",1174,808,2.0442930153322,"6","6"
"cell_862","cell",1175,623,2.97872340425532,"2","2"
"cell_863","cell",1173,753,0.51150895140665,"0","0"
"cell_864","cell",1171,636,0.426985482493595,"0","0"
"cell_865","cell",1170,495,0.94017094017094,"1","1"
"cell_866","cell",1170,746,0.512820512820513,"1","1"
"cell_867","cell",1166,716,1.45797598627787,"0","0"
"cell_868","cell",1151,737,0.695047784535187,"2","2"
"cell_869","cell",1149,659,0.174064403829417,"4","4"
"cell_870","cell",1145,776,2.09606986899563,"5","5"
"cell_871","cell",1147,734,0,"1","1"
"cell_872","cell",1147,891,0.523103748910201,"4","4"
"cell_873","cell",1142,799,1.0507880910683,"2","2"
"cell_874","cell",1134,623,1.85185185185185,"5","5"
"cell_875","cell",1134,656,2.02821869488536,"3","3"
"cell_876","cell",1132,704,1.9434628975265,"5","5"
"cell_877","cell",1131,666,1.7683465959328,"3","3"
"cell_878","cell",1135,673,1.49779735682819,"4","4"
"cell_879","cell",1132,650,1.67844522968198,"4","4"
"cell_880","cell",1133,737,1.14739629302736,"0","0"
"cell_881","cell",1120,647,0.357142857142857,"0","0"
"cell_882","cell",1115,726,2.33183856502242,"0","0"
"cell_883","cell",1117,693,0.35810205908684,"3","3"
"cell_884","cell",1116,706,2.59856630824373,"3","3"
"cell_885","cell",1111,630,0,"0","0"
"cell_886","cell",1107,710,2.710027100271,"0","0"
"cell_887","cell",1102,605,0.453720508166969,"3","3"
"cell_888","cell",1107,641,0.903342366757001,"3","3"
"cell_889","cell",1107,642,3.0713640469738,"0","0"
"cell_890","cell",1099,675,0.272975432211101,"3","3"
"cell_891","cell",1103,632,0.725294650951949,"2","2"
"cell_892","cell",1096,729,1.45985401459854,"5","5"
"cell_893","cell",1094,749,1.46252285191956,"5","5"
"cell_894","cell",1084,682,1.29151291512915,"4","4"
"cell_895","cell",1087,728,0.0919963201471941,"4","4"
"cell_896","cell",1090,771,2.11009174311927,"6","6"
"cell_897","cell",1086,741,0.0920810313075506,"1","1"
"cell_898","cell",1088,681,0.735294117647059,"3","3"
"cell_899","cell",1086,719,2.02578268876611,"0","0"
"cell_900","cell",1083,713,2.21606648199446,"3","3"
"cell_901","cell",1082,613,2.77264325323475,"0","0"
"cell_902","cell",1080,697,0.555555555555556,"0","0"
"cell_903","cell",1078,786,0.834879406307978,"4","4"
"cell_904","cell",1078,635,0.278293135435993,"3","3"
"cell_905","cell",1078,692,1.20593692022263,"1","1"
"cell_906","cell",1080,680,0.555555555555556,"3","3"
"cell_907","cell",1077,627,1.85701021355617,"0","0"
"cell_908","cell",1062,709,0.0941619585687382,"4","4"
"cell_909","cell",1073,692,0.279589934762349,"3","3"
"cell_910","cell",1073,735,3.72786579683131,"2","2"
"cell_911","cell",1071,633,0.840336134453782,"3","3"
"cell_912","cell",1071,646,0.280112044817927,"4","4"
"cell_913","cell",1070,637,0.654205607476636,"0","0"
"cell_914","cell",1067,525,2.90534208059981,"2","2"
"cell_915","cell",1062,777,0.282485875706215,"5","5"
"cell_916","cell",1065,643,0.375586854460094,"3","3"
"cell_917","cell",1063,662,1.03480714957667,"0","0"
"cell_918","cell",1064,647,2.06766917293233,"3","3"
"cell_919","cell",1056,704,0.378787878787879,"1","1"
"cell_920","cell",1060,695,0.188679245283019,"1","1"
"cell_921","cell",1061,656,0.942507068803016,"0","0"
"cell_922","cell",1060,751,0.188679245283019,"1","1"
"cell_923","cell",1056,682,0.189393939393939,"1","1"
"cell_924","cell",1053,670,0.759734093067426,"3","3"
"cell_925","cell",1054,629,3.41555977229602,"0","0"
"cell_926","cell",1050,612,0.380952380952381,"4","4"
"cell_927","cell",1046,693,0.669216061185469,"1","1"
"cell_928","cell",1047,675,2.76981852913085,"2","2"
"cell_929","cell",1048,662,1.43129770992366,"3","3"
"cell_930","cell",1041,719,2.97790585975024,"1","1"
"cell_931","cell",1041,610,0.288184438040346,"0","0"
"cell_932","cell",1034,705,0.290135396518375,"0","0"
"cell_933","cell",1032,609,1.06589147286822,"0","0"
"cell_934","cell",1027,646,0,"1","1"
"cell_935","cell",1025,704,0.292682926829268,"4","4"
"cell_936","cell",1029,676,0.0971817298347911,"5","5"
"cell_937","cell",1024,626,0.390625,"4","4"
"cell_938","cell",1024,691,1.171875,"5","5"
"cell_939","cell",1021,712,0.783545543584721,"1","1"
"cell_940","cell",1024,615,1.7578125,"2","2"
"cell_941","cell",1019,696,0.294406280667321,"1","1"
"cell_942","cell",1019,694,0.196270853778214,"0","0"
"cell_943","cell",1014,640,2.66272189349112,"2","2"
"cell_944","cell",1011,634,0.989119683481701,"0","0"
"cell_945","cell",1010,599,0.297029702970297,"0","0"
"cell_946","cell",1006,731,3.08151093439364,"1","1"
"cell_947","cell",999,672,2.1021021021021,"5","5"
"cell_948","cell",1002,687,4.29141716566866,"2","2"
"cell_949","cell",1003,643,0.997008973080758,"5","5"
"cell_950","cell",1003,647,3.2901296111665,"1","1"
"cell_951","cell",1000,651,1.5,"3","3"
"cell_952","cell",997,577,1.00300902708124,"0","0"
"cell_953","cell",999,586,2.2022022022022,"2","2"
"cell_954","cell",995,593,2.01005025125628,"0","0"
"cell_955","cell",993,633,2.51762336354481,"1","1"
"cell_956","cell",987,623,1.01317122593718,"3","3"
"cell_957","cell",990,610,1.11111111111111,"1","1"
"cell_958","cell",988,591,1.01214574898785,"3","3"
"cell_959","cell",986,664,1.92697768762677,"0","0"
"cell_960","cell",982,626,1.0183299389002,"1","1"
"cell_961","cell",982,567,0.814663951120163,"0","0"
"cell_962","cell",983,466,0.101729399796541,"3","3"
"cell_963","cell",975,582,0.307692307692308,"0","0"
"cell_964","cell",977,675,0.204708290685773,"4","4"
"cell_965","cell",974,677,0.205338809034908,"1","1"
"cell_966","cell",968,577,2.37603305785124,"5","5"
"cell_967","cell",966,582,0.31055900621118,"2","2"
"cell_968","cell",958,720,0.626304801670146,"4","4"
"cell_969","cell",950,625,0.315789473684211,"4","4"
"cell_970","cell",952,635,0.315126050420168,"0","0"
"cell_971","cell",952,667,0.315126050420168,"1","1"
"cell_972","cell",949,515,0.210748155953635,"0","0"
"cell_973","cell",947,638,0,"1","1"
"cell_974","cell",942,645,1.91082802547771,"5","5"
"cell_975","cell",946,560,1.05708245243129,"3","3"
"cell_976","cell",943,567,0,"4","4"
"cell_977","cell",939,575,0.106496272630458,"1","1"
"cell_978","cell",938,526,0.746268656716418,"0","0"
"cell_979","cell",936,581,1.38888888888889,"3","3"
"cell_980","cell",933,669,2.03644158628081,"4","4"
"cell_981","cell",935,611,0.748663101604278,"3","3"
"cell_982","cell",930,573,1.61290322580645,"1","1"
"cell_983","cell",920,699,0.217391304347826,"2","2"
"cell_984","cell",921,604,2.17155266015201,"2","2"
"cell_985","cell",918,593,2.17864923747277,"0","0"
"cell_986","cell",914,613,1.31291028446389,"0","0"
"cell_987","cell",910,556,0.659340659340659,"4","4"
"cell_988","cell",904,489,0,"3","3"
"cell_989","cell",905,631,1.43646408839779,"5","5"
"cell_991","cell",896,585,1.11607142857143,"3","3"
"cell_992","cell",892,638,1.00896860986547,"1","1"
"cell_993","cell",888,635,1.46396396396396,"5","5"
"cell_994","cell",890,627,0.786516853932584,"3","3"
"cell_995","cell",882,601,1.36054421768707,"5","5"
"cell_996","cell",883,528,1.01925254813137,"0","0"
"cell_997","cell",882,646,0.113378684807256,"2","2"
"cell_998","cell",879,631,2.73037542662116,"2","2"
"cell_999","cell",879,630,1.59271899886234,"0","0"
"cell_1000","cell",872,592,0,"2","2"
"cell_1001","cell",871,595,1.37772675086108,"3","3"
"cell_1002","cell",866,630,0.69284064665127,"4","4"
"cell_1003","cell",863,563,2.54924681344148,"2","2"
"cell_1004","cell",863,480,0.347624565469293,"2","2"
"cell_1005","cell",862,563,1.74013921113689,"5","5"
"cell_1006","cell",855,618,0,"5","5"
"cell_1007","cell",861,411,4.52961672473868,"2","2"
"cell_1008","cell",857,635,2.56709451575263,"4","4"
"cell_1009","cell",855,524,0.350877192982456,"0","0"
"cell_1010","cell",854,555,2.34192037470726,"5","5"
"cell_1011","cell",855,508,0,"5","5"
"cell_1012","cell",857,610,0.700116686114352,"1","1"
"cell_1013","cell",850,837,0.823529411764706,"1","1"
"cell_1014","cell",850,606,0.588235294117647,"1","1"
"cell_1015","cell",851,536,1.29259694477086,"4","4"
"cell_1016","cell",850,580,0.823529411764706,"3","3"
"cell_1017","cell",847,497,0,"3","3"
"cell_1018","cell",841,669,0,"4","4"
"cell_1019","cell",837,386,2.7479091995221,"2","2"
"cell_1020","cell",836,570,0.358851674641148,"2","2"
"cell_1021","cell",835,491,0.239520958083832,"0","0"
"cell_1022","cell",829,627,0.241254523522316,"1","1"
"cell_1023","cell",823,515,2.67314702308627,"5","5"
"cell_1024","cell",825,530,0.727272727272727,"0","0"
"cell_1025","cell",825,510,0.606060606060606,"1","1"
"cell_1026","cell",823,477,0.850546780072904,"2","2"
"cell_1027","cell",823,579,0.364520048602673,"1","1"
"cell_1028","cell",816,572,0.245098039215686,"1","1"
"cell_1029","cell",819,577,2.1978021978022,"3","3"
"cell_1030","cell",816,541,0,"0","0"
"cell_1031","cell",817,519,0.122399020807834,"0","0"
"cell_1032","cell",817,517,0.734394124847001,"3","3"
"cell_1033","cell",807,577,1.23915737298637,"4","4"
"cell_1034","cell",816,594,1.47058823529412,"2","2"
"cell_1035","cell",813,588,1.5990159901599,"1","1"
"cell_1036","cell",815,421,0.98159509202454,"2","2"
"cell_1037","cell",812,514,1.84729064039409,"1","1"
"cell_1038","cell",810,483,0,"4","4"
"cell_1039","cell",808,508,1.11386138613861,"0","0"
"cell_1040","cell",809,483,0.247218788627936,"3","3"
"cell_1041","cell",810,540,1.48148148148148,"3","3"
"cell_1042","cell",805,480,3.72670807453416,"1","1"
"cell_1043","cell",807,512,0.247831474597274,"0","0"
"cell_1044","cell",807,513,1.23915737298637,"3","3"
"cell_1045","cell",803,549,0.24906600249066,"1","1"
"cell_1046","cell",795,550,0.377358490566038,"3","3"
"cell_1047","cell",802,534,0.124688279301746,"3","3"
"cell_1048","cell",801,571,0.873907615480649,"0","0"
"cell_1049","cell",798,565,1.00250626566416,"0","0"
"cell_1050","cell",798,598,0,"1","1"
"cell_1051","cell",795,552,1.63522012578616,"2","2"
"cell_1052","cell",795,510,0.754716981132076,"1","1"
"cell_1053","cell",794,511,1.13350125944584,"3","3"
"cell_1054","cell",790,412,0.759493670886076,"3","3"
"cell_1055","cell",791,510,0.884955752212389,"1","1"
"cell_1056","cell",789,619,0.126742712294043,"6","6"
"cell_1057","cell",788,530,1.6497461928934,"3","3"
"cell_1058","cell",781,582,0.768245838668374,"2","2"
"cell_1059","cell",785,530,1.78343949044586,"4","4"
"cell_1060","cell",782,543,0.127877237851662,"1","1"
"cell_1061","cell",782,585,0.255754475703325,"2","2"
"cell_1062","cell",776,589,0.257731958762887,"5","5"
"cell_1063","cell",777,503,0.772200772200772,"4","4"
"cell_1064","cell",777,515,1.15830115830116,"3","3"
"cell_1065","cell",771,546,1.55642023346304,"5","5"
"cell_1066","cell",774,522,1.16279069767442,"0","0"
"cell_1067","cell",773,526,0.388098318240621,"1","1"
"cell_1068","cell",766,571,1.30548302872063,"2","2"
"cell_1069","cell",770,499,3.24675324675325,"3","3"
"cell_1070","cell",771,499,0.648508430609598,"2","2"
"cell_1071","cell",768,504,0,"0","0"
"cell_1072","cell",764,536,2.87958115183246,"3","3"
"cell_1073","cell",764,548,0.916230366492147,"0","0"
"cell_1074","cell",761,467,0.657030223390276,"3","3"
"cell_1075","cell",761,456,0.657030223390276,"0","0"
"cell_1076","cell",759,519,1.84453227931489,"0","0"
"cell_1077","cell",756,581,0.793650793650794,"4","4"
"cell_1078","cell",751,512,1.4647137150466,"4","4"
"cell_1079","cell",747,405,1.87416331994645,"5","5"
"cell_1080","cell",750,448,0.266666666666667,"4","4"
"cell_1081","cell",747,499,2.81124497991968,"2","2"
"cell_1082","cell",743,539,0.269179004037685,"4","4"
"cell_1083","cell",741,571,0.404858299595142,"1","1"
"cell_1084","cell",742,523,2.2911051212938,"0","0"
"cell_1085","cell",740,556,0.675675675675676,"2","2"
"cell_1086","cell",741,363,1.75438596491228,"2","2"
"cell_1087","cell",739,491,1.89445196211096,"3","3"
"cell_1088","cell",740,535,0,"0","0"
"cell_1089","cell",740,529,0.945945945945946,"4","4"
"cell_1090","cell",740,491,0.810810810810811,"0","0"
"cell_1091","cell",734,483,0.136239782016349,"4","4"
"cell_1092","cell",734,463,2.04359673024523,"0","0"
"cell_1093","cell",734,440,0.272479564032698,"2","2"
"cell_1094","cell",732,528,0,"1","1"
"cell_1095","cell",730,480,3.56164383561644,"1","1"
"cell_1096","cell",724,420,0.828729281767956,"3","3"
"cell_1097","cell",726,434,1.37741046831956,"0","0"
"cell_1098","cell",725,474,0.689655172413793,"3","3"
"cell_1099","cell",723,437,0.276625172890733,"5","5"
"cell_1100","cell",722,511,0.138504155124654,"0","0"
"cell_1101","cell",718,469,1.1142061281337,"3","3"
"cell_1102","cell",716,457,3.2122905027933,"3","3"
"cell_1103","cell",715,550,0.559440559440559,"1","1"
"cell_1104","cell",715,470,0,"1","1"
"cell_1105","cell",714,503,0.700280112044818,"0","0"
"cell_1106","cell",710,514,0,"1","1"
"cell_1107","cell",707,491,0.282885431400283,"3","3"
"cell_1109","cell",708,470,0.706214689265537,"0","0"
"cell_1110","cell",709,450,1.41043723554302,"0","0"
"cell_1111","cell",705,451,0.283687943262411,"0","0"
"cell_1112","cell",705,478,0.425531914893617,"0","0"
"cell_1113","cell",699,518,0.572246065808298,"2","2"
"cell_1114","cell",699,529,1.1444921316166,"5","5"
"cell_1116","cell",697,456,0.430416068866571,"2","2"
"cell_1117","cell",691,524,0.723589001447178,"5","5"
"cell_1118","cell",694,480,2.01729106628242,"0","0"
"cell_1119","cell",696,457,0.28735632183908,"3","3"
"cell_1120","cell",690,505,0.579710144927536,"1","1"
"cell_1121","cell",690,474,1.44927536231884,"4","4"
"cell_1122","cell",687,456,0.582241630276565,"3","3"
"cell_1123","cell",686,473,0.583090379008746,"0","0"
"cell_1124","cell",683,503,0.146412884333821,"4","4"
"cell_1125","cell",683,503,2.92825768667643,"5","5"
"cell_1126","cell",675,499,0.148148148148148,"5","5"
"cell_1127","cell",679,502,0.736377025036819,"1","1"
"cell_1128","cell",679,520,0.589101620029455,"2","2"
"cell_1129","cell",678,521,0.294985250737463,"2","2"
"cell_1130","cell",675,397,1.48148148148148,"0","0"
"cell_1131","cell",672,459,1.63690476190476,"1","1"
"cell_1132","cell",668,403,0.748502994011976,"3","3"
"cell_1133","cell",666,451,4.65465465465465,"1","1"
"cell_1134","cell",660,454,0.151515151515152,"0","0"
"cell_1135","cell",658,505,2.12765957446809,"1","1"
"cell_1136","cell",655,505,0.916030534351145,"1","1"
"cell_1137","cell",654,497,0.458715596330275,"1","1"
"cell_1138","cell",649,468,0.462249614791988,"1","1"
"cell_1139","cell",654,403,3.05810397553517,"0","0"
"cell_1140","cell",652,479,1.53374233128834,"2","2"
"cell_1142","cell",651,477,0.614439324116744,"4","4"
"cell_1143","cell",649,442,0.154083204930663,"1","1"
"cell_1144","cell",644,492,0.15527950310559,"1","1"
"cell_1145","cell",646,505,0.464396284829721,"4","4"
"cell_1146","cell",643,450,1.5552099533437,"3","3"
"cell_1147","cell",644,420,0.77639751552795,"1","1"
"cell_1148","cell",640,472,3.125,"1","1"
"cell_1149","cell",638,440,0.626959247648903,"3","3"
"cell_1150","cell",634,446,0,"2","2"
"cell_1151","cell",630,438,0.952380952380952,"3","3"
"cell_1152","cell",628,474,0.159235668789809,"1","1"
"cell_1153","cell",627,396,0.478468899521531,"0","0"
"cell_1154","cell",630,394,0.317460317460317,"3","3"
"cell_1155","cell",625,423,2.08,"3","3"
"cell_1156","cell",627,423,3.66826156299841,"2","2"
"cell_1157","cell",620,459,1.61290322580645,"4","4"
"cell_1158","cell",616,401,0.162337662337662,"3","3"
"cell_1159","cell",619,418,0.484652665589661,"1","1"
"cell_1160","cell",610,440,0.163934426229508,"1","1"
"cell_1161","cell",613,381,0.489396411092985,"2","2"
"cell_1162","cell",610,514,0,"4","4"
"cell_1163","cell",615,428,1.78861788617886,"2","2"
"cell_1164","cell",609,458,1.14942528735632,"5","5"
"cell_1165","cell",610,448,0,"3","3"
"cell_1166","cell",608,395,1.15131578947368,"3","3"
"cell_1167","cell",601,477,0.332778702163062,"1","1"
"cell_1168","cell",605,412,0.991735537190083,"0","0"
"cell_1169","cell",604,501,0.165562913907285,"4","4"
"cell_1170","cell",602,412,4.65116279069767,"1","1"
"cell_1171","cell",599,432,0.667779632721202,"2","2"
"cell_1172","cell",601,443,2.1630615640599,"0","0"
"cell_1173","cell",600,464,0.5,"1","1"
"cell_1174","cell",592,326,0.168918918918919,"4","4"
"cell_1175","cell",594,376,0.673400673400673,"0","0"
"cell_1176","cell",591,485,0.846023688663283,"1","1"
"cell_1177","cell",591,457,0.50761421319797,"1","1"
"cell_1178","cell",587,444,0.340715502555366,"0","0"
"cell_1179","cell",584,404,0,"3","3"
"cell_1180","cell",584,429,1.71232876712329,"2","2"
"cell_1181","cell",583,436,0.343053173241852,"0","0"
"cell_1182","cell",574,458,0.174216027874564,"2","2"
"cell_1183","cell",575,438,2.08695652173913,"0","0"
"cell_1184","cell",568,386,0.176056338028169,"3","3"
"cell_1185","cell",569,371,2.10896309314587,"2","2"
"cell_1186","cell",570,397,1.2280701754386,"0","0"
"cell_1187","cell",567,416,1.05820105820106,"3","3"
"cell_1188","cell",569,416,0.878734622144113,"0","0"
"cell_1189","cell",569,426,0,"1","1"
"cell_1190","cell",564,428,2.83687943262411,"4","4"
"cell_1191","cell",567,417,0,"1","1"
"cell_1192","cell",565,424,0.707964601769911,"0","0"
"cell_1193","cell",564,472,0,"4","4"
"cell_1194","cell",563,391,0,"1","1"
"cell_1195","cell",560,341,0,"4","4"
"cell_1196","cell",563,313,0.355239786856128,"2","2"
"cell_1197","cell",558,443,2.1505376344086,"4","4"
"cell_1198","cell",560,403,0.535714285714286,"3","3"
"cell_1199","cell",562,325,0.355871886120996,"4","4"
"cell_1200","cell",560,377,1.07142857142857,"1","1"
"cell_1201","cell",558,417,2.1505376344086,"3","3"
"cell_1202","cell",553,419,0.361663652802893,"4","4"
"cell_1203","cell",556,414,1.07913669064748,"3","3"
"cell_1204","cell",552,434,0,"2","2"
"cell_1205","cell",550,413,0.363636363636364,"0","0"
"cell_1206","cell",551,425,2.17785843920145,"2","2"
"cell_1207","cell",549,402,0.728597449908925,"1","1"
"cell_1208","cell",550,383,1.63636363636364,"2","2"
"cell_1209","cell",549,369,2.55009107468124,"0","0"
"cell_1210","cell",546,438,2.01465201465201,"4","4"
"cell_1211","cell",546,411,0.549450549450549,"1","1"
"cell_1212","cell",548,386,2.00729927007299,"0","0"
"cell_1213","cell",547,428,1.64533820840951,"6","6"
"cell_1214","cell",540,376,0.37037037037037,"5","5"
"cell_1215","cell",544,421,1.47058823529412,"1","1"
"cell_1216","cell",543,431,0.368324125230203,"1","1"
"cell_1217","cell",542,394,3.3210332103321,"0","0"
"cell_1218","cell",542,416,2.76752767527675,"1","1"
"cell_1219","cell",539,409,1.2987012987013,"0","0"
"cell_1220","cell",540,432,1.2962962962963,"4","4"
"cell_1221","cell",538,380,0.185873605947955,"3","3"
"cell_1222","cell",535,340,1.1214953271028,"0","0"
"cell_1223","cell",536,388,0,"1","1"
"cell_1224","cell",533,281,0.938086303939963,"3","3"
"cell_1225","cell",533,348,1.12570356472795,"4","4"
"cell_1226","cell",522,415,0.957854406130268,"1","1"
"cell_1227","cell",530,393,1.32075471698113,"3","3"
"cell_1228","cell",528,300,0.378787878787879,"1","1"
"cell_1229","cell",528,375,1.13636363636364,"1","1"
"cell_1230","cell",526,366,0.950570342205323,"3","3"
"cell_1231","cell",521,410,0,"3","3"
"cell_1232","cell",522,300,3.25670498084291,"0","0"
"cell_1233","cell",523,287,0,"2","2"
"cell_1234","cell",520,386,0.192307692307692,"5","5"
"cell_1235","cell",517,370,0.773694390715667,"0","0"
"cell_1236","cell",517,366,0.386847195357834,"2","2"
"cell_1237","cell",518,416,1.15830115830116,"0","0"
"cell_1238","cell",517,335,1.1605415860735,"2","2"
"cell_1239","cell",514,406,0.194552529182879,"1","1"
"cell_1240","cell",509,412,0.982318271119843,"4","4"
"cell_1241","cell",514,343,0.389105058365759,"4","4"
"cell_1242","cell",512,332,1.953125,"2","2"
"cell_1243","cell",512,394,0.9765625,"2","2"
"cell_1244","cell",510,358,0.588235294117647,"4","4"
"cell_1245","cell",511,258,1.17416829745597,"2","2"
"cell_1246","cell",510,377,2.54901960784314,"0","0"
"cell_1247","cell",508,364,1.96850393700787,"0","0"
"cell_1248","cell",508,414,1.37795275590551,"4","4"
"cell_1249","cell",501,371,2.59481037924152,"2","2"
"cell_1250","cell",506,390,0.790513833992095,"1","1"
"cell_1251","cell",505,345,0.396039603960396,"2","2"
"cell_1252","cell",506,335,0.395256916996047,"2","2"
"cell_1253","cell",505,404,0.594059405940594,"1","1"
"cell_1254","cell",502,410,2.39043824701195,"4","4"
"cell_1255","cell",502,338,2.98804780876494,"3","3"
"cell_1256","cell",500,415,0.6,"0","0"
"cell_1257","cell",502,389,0.99601593625498,"1","1"
"cell_1258","cell",503,385,0.397614314115308,"4","4"
"cell_1259","cell",501,324,2.9940119760479,"2","2"
"cell_1260","cell",499,406,1.20240480961924,"0","0"
"cell_1261","cell",500,345,3.2,"1","1"
